method,question_type,metric,mean_of_trial_means,std_across_trials,n_trials
sparse,all,recall@1,0.2533,0.0,10
sparse,all,precision@1,0.28,0.0,10
sparse,all,mrr@1,0.28,0.0,10
sparse,all,recall@2,0.3389,0.0,10
sparse,all,precision@2,0.2,0.0,10
sparse,all,mrr@2,0.3267,0.0,10
sparse,all,recall@3,0.4156,0.0,10
sparse,all,precision@3,0.1622,0.0,10
sparse,all,mrr@3,0.3511,0.0,10
sparse,all,query_tokenize_time_ms,0.1534,0.0233,10
sparse,all,score_time_ms,0.158,0.0216,10
sparse,all,retrieval_time_ms,0.3115,0.0393,10
sparse,all,score_to_first_token_ms,426.4941,13.9357,10
sparse,all,prompt_prep_time_ms,0.6402,0.0172,10
sparse,all,full_ttft_ms,426.8056,13.9645,10
sparse,all,full_gen_time_ms,1969.8078,62.2258,10
sparse,metrics-generated,recall@1,0.07,0.0,10
sparse,metrics-generated,precision@1,0.1,0.0,10
sparse,metrics-generated,mrr@1,0.1,0.0,10
sparse,metrics-generated,recall@2,0.15,0.0,10
sparse,metrics-generated,precision@2,0.11,0.0,10
sparse,metrics-generated,mrr@2,0.14,0.0,10
sparse,metrics-generated,recall@3,0.22,0.0,10
sparse,metrics-generated,precision@3,0.1,0.0,10
sparse,metrics-generated,mrr@3,0.1667,0.0,10
sparse,metrics-generated,query_tokenize_time_ms,0.1722,0.0339,10
sparse,metrics-generated,score_time_ms,0.1921,0.0291,10
sparse,metrics-generated,retrieval_time_ms,0.3643,0.0509,10
sparse,metrics-generated,score_to_first_token_ms,460.0506,13.5476,10
sparse,metrics-generated,prompt_prep_time_ms,0.6892,0.0432,10
sparse,metrics-generated,full_ttft_ms,460.415,13.578,10
sparse,metrics-generated,full_gen_time_ms,1790.1707,44.8784,10
sparse,domain-relevant,recall@1,0.27,0.0,10
sparse,domain-relevant,precision@1,0.3,0.0,10
sparse,domain-relevant,mrr@1,0.3,0.0,10
sparse,domain-relevant,recall@2,0.3467,0.0,10
sparse,domain-relevant,precision@2,0.21,0.0,10
sparse,domain-relevant,mrr@2,0.35,0.0,10
sparse,domain-relevant,recall@3,0.4267,0.0,10
sparse,domain-relevant,precision@3,0.1733,0.0,10
sparse,domain-relevant,mrr@3,0.37,0.0,10
sparse,domain-relevant,query_tokenize_time_ms,0.1496,0.0517,10
sparse,domain-relevant,score_time_ms,0.1358,0.0244,10
sparse,domain-relevant,retrieval_time_ms,0.2854,0.0654,10
sparse,domain-relevant,score_to_first_token_ms,385.922,19.5739,10
sparse,domain-relevant,prompt_prep_time_ms,0.6025,0.0096,10
sparse,domain-relevant,full_ttft_ms,386.2074,19.5877,10
sparse,domain-relevant,full_gen_time_ms,2060.0973,106.5175,10
sparse,novel-generated,recall@1,0.42,0.0,10
sparse,novel-generated,precision@1,0.44,0.0,10
sparse,novel-generated,mrr@1,0.44,0.0,10
sparse,novel-generated,recall@2,0.52,0.0,10
sparse,novel-generated,precision@2,0.28,0.0,10
sparse,novel-generated,mrr@2,0.49,0.0,10
sparse,novel-generated,recall@3,0.6,0.0,10
sparse,novel-generated,precision@3,0.2133,0.0,10
sparse,novel-generated,mrr@3,0.5167,0.0,10
sparse,novel-generated,query_tokenize_time_ms,0.1384,0.0394,10
sparse,novel-generated,score_time_ms,0.1463,0.0414,10
sparse,novel-generated,retrieval_time_ms,0.2846,0.0749,10
sparse,novel-generated,score_to_first_token_ms,433.5096,13.5588,10
sparse,novel-generated,prompt_prep_time_ms,0.6289,0.0068,10
sparse,novel-generated,full_ttft_ms,433.7943,13.6136,10
sparse,novel-generated,full_gen_time_ms,2059.1553,53.9495,10
dense,all,recall@1,0.3,0.0,10
dense,all,precision@1,0.3333,0.0,10
dense,all,mrr@1,0.3333,0.0,10
dense,all,recall@2,0.4667,0.0,10
dense,all,precision@2,0.2633,0.0,10
dense,all,mrr@2,0.42,0.0,10
dense,all,recall@3,0.54,0.0,10
dense,all,precision@3,0.2111,0.0,10
dense,all,mrr@3,0.4467,0.0,10
dense,all,query_embed_time_ms,4.7574,0.3246,10
dense,all,search_time_ms,0.078,0.0165,10
dense,all,retrieval_time_ms,4.8354,0.3296,10
dense,all,search_to_first_token_ms,585.3347,12.0506,10
dense,all,prompt_prep_time_ms,0.7365,0.0183,10
dense,all,full_ttft_ms,590.1701,12.3273,10
dense,all,full_gen_time_ms,2198.9343,64.7774,10
dense,metrics-generated,recall@1,0.29,0.0,10
dense,metrics-generated,precision@1,0.38,0.0,10
dense,metrics-generated,mrr@1,0.38,0.0,10
dense,metrics-generated,recall@2,0.46,0.0,10
dense,metrics-generated,precision@2,0.31,0.0,10
dense,metrics-generated,mrr@2,0.48,0.0,10
dense,metrics-generated,recall@3,0.61,0.0,10
dense,metrics-generated,precision@3,0.28,0.0,10
dense,metrics-generated,mrr@3,0.5267,0.0,10
dense,metrics-generated,query_embed_time_ms,5.3958,0.2278,10
dense,metrics-generated,search_time_ms,0.1292,0.0529,10
dense,metrics-generated,retrieval_time_ms,5.525,0.2197,10
dense,metrics-generated,search_to_first_token_ms,651.3427,12.4837,10
dense,metrics-generated,prompt_prep_time_ms,0.7874,0.03,10
dense,metrics-generated,full_ttft_ms,656.8677,12.567,10
dense,metrics-generated,full_gen_time_ms,1905.4869,58.1924,10
dense,domain-relevant,recall@1,0.27,0.0,10
dense,domain-relevant,precision@1,0.28,0.0,10
dense,domain-relevant,mrr@1,0.28,0.0,10
dense,domain-relevant,recall@2,0.4,0.0,10
dense,domain-relevant,precision@2,0.21,0.0,10
dense,domain-relevant,mrr@2,0.34,0.0,10
dense,domain-relevant,recall@3,0.43,0.0,10
dense,domain-relevant,precision@3,0.1533,0.0,10
dense,domain-relevant,mrr@3,0.3533,0.0,10
dense,domain-relevant,query_embed_time_ms,4.5105,0.4701,10
dense,domain-relevant,search_time_ms,0.0492,0.0266,10
dense,domain-relevant,retrieval_time_ms,4.5597,0.4952,10
dense,domain-relevant,search_to_first_token_ms,524.0226,16.7415,10
dense,domain-relevant,prompt_prep_time_ms,0.7022,0.0214,10
dense,domain-relevant,full_ttft_ms,528.5823,17.019,10
dense,domain-relevant,full_gen_time_ms,2468.3098,72.8498,10
dense,novel-generated,recall@1,0.34,0.0,10
dense,novel-generated,precision@1,0.34,0.0,10
dense,novel-generated,mrr@1,0.34,0.0,10
dense,novel-generated,recall@2,0.54,0.0,10
dense,novel-generated,precision@2,0.27,0.0,10
dense,novel-generated,mrr@2,0.44,0.0,10
dense,novel-generated,recall@3,0.58,0.0,10
dense,novel-generated,precision@3,0.2,0.0,10
dense,novel-generated,mrr@3,0.46,0.0,10
dense,novel-generated,query_embed_time_ms,4.3659,0.512,10
dense,novel-generated,search_time_ms,0.0555,0.0326,10
dense,novel-generated,retrieval_time_ms,4.4214,0.5428,10
dense,novel-generated,search_to_first_token_ms,580.6388,16.9245,10
dense,novel-generated,prompt_prep_time_ms,0.72,0.017,10
dense,novel-generated,full_ttft_ms,585.0602,17.351,10
dense,novel-generated,full_gen_time_ms,2223.0063,88.3843,10
