query_index,evidence_index,question_type,doc_name,evidence_page_num,page_tokens,evidence_start_token,evidence_end_token,evidence_chars,page_truncated,evidence_start_within_limit,evidence_fully_within_limit
0,0,metrics-generated,3M_2018_10K,59,656,2,656,2874,True,True,False
1,0,metrics-generated,3M_2018_10K,57,522,2,522,2238,True,True,False
2,0,domain-relevant,3M_2022_10K,47,387,5,44,173,True,True,True
2,1,domain-relevant,3M_2022_10K,49,554,5,233,839,True,True,True
2,2,domain-relevant,3M_2022_10K,51,675,5,290,1152,True,True,False
3,0,domain-relevant,3M_2022_10K,26,663,331,470,693,True,False,False
4,0,novel-generated,3M_2022_10K,24,780,322,441,333,True,False,False
5,0,domain-relevant,3M_2023Q2_10Q,4,595,5,322,1184,True,True,False
6,0,domain-relevant,3M_2023Q2_10Q,0,678,216,296,335,True,True,False
7,0,novel-generated,3M_2023Q2_10Q,61,994,181,196,67,True,True,True
8,0,metrics-generated,ACTIVISIONBLIZZARD_2019_10K,68,448,2,448,1744,True,True,False
8,1,metrics-generated,ACTIVISIONBLIZZARD_2019_10K,69,366,2,366,1538,True,True,False
9,0,metrics-generated,ACTIVISIONBLIZZARD_2019_10K,69,366,2,366,1538,True,True,False
9,1,metrics-generated,ACTIVISIONBLIZZARD_2019_10K,72,623,2,623,2712,True,True,False
10,0,metrics-generated,ADOBE_2015_10K,58,4328,2,4328,5761,True,True,False
10,1,metrics-generated,ADOBE_2015_10K,62,4108,2,4108,6362,True,True,False
11,0,metrics-generated,ADOBE_2016_10K,61,566,2,566,1691,True,True,False
12,0,metrics-generated,ADOBE_2017_10K,56,587,2,587,1922,True,True,False
12,1,metrics-generated,ADOBE_2017_10K,60,930,2,930,3075,True,True,False
13,0,domain-relevant,ADOBE_2022_10K,53,399,2,213,799,True,True,True
14,0,novel-generated,ADOBE_2022_10K,56,625,2,385,1626,True,True,False
15,0,domain-relevant,AES_2022_10K,131,744,3,456,1507,True,True,False
16,0,domain-relevant,AES_2022_10K,129,839,3,88,356,True,True,True
16,1,domain-relevant,AES_2022_10K,131,744,3,138,388,True,True,True
17,0,metrics-generated,AES_2022_10K,129,839,2,839,3040,True,True,False
17,1,metrics-generated,AES_2022_10K,131,744,2,744,2606,True,True,False
18,0,metrics-generated,AMAZON_2017_10K,37,359,2,359,1271,True,True,False
18,1,metrics-generated,AMAZON_2017_10K,39,362,2,362,1389,True,True,False
19,0,metrics-generated,AMAZON_2017_10K,37,359,2,359,1271,True,True,False
20,0,metrics-generated,AMAZON_2019_10K,37,372,2,372,1306,True,True,False
21,0,metrics-generated,AMCOR_2020_10K,49,649,2,649,2108,True,True,False
22,0,novel-generated,AMCOR_2022_8K_dated-2022-07-01,1,1248,9,495,2018,True,True,False
23,0,domain-relevant,AMCOR_2023_10K,51,530,2,530,2107,True,True,False
24,0,domain-relevant,AMCOR_2023_10K,63,880,18,536,2679,True,True,False
25,0,domain-relevant,AMCOR_2023_10K,4,646,56,87,167,True,True,True
26,0,domain-relevant,AMCOR_2023_10K,49,330,2,83,257,True,True,True
27,0,novel-generated,AMCOR_2023Q2_10Q,14,328,182,260,315,True,True,False
28,0,novel-generated,AMCOR_2023Q4_EARNINGS,11,769,2,376,1346,True,True,False
29,0,novel-generated,AMCOR_2023Q4_EARNINGS,9,209,10,208,675,False,True,True
30,0,metrics-generated,AMD_2015_10K,55,284,2,284,1095,True,True,False
30,1,metrics-generated,AMD_2015_10K,59,478,2,478,2128,True,True,False
31,0,domain-relevant,AMD_2022_10K,55,462,11,453,1658,True,True,False
32,0,domain-relevant,AMD_2022_10K,3,753,606,752,635,True,False,False
33,0,domain-relevant,AMD_2022_10K,42,1040,524,626,486,True,False,False
34,0,domain-relevant,AMD_2022_10K,42,1040,712,761,228,True,False,False
35,0,domain-relevant,AMD_2022_10K,57,596,5,595,2248,True,True,False
36,0,novel-generated,AMD_2022_10K,47,582,194,321,386,True,True,False
37,0,novel-generated,AMD_2022_10K,11,693,50,100,257,True,True,True
38,0,domain-relevant,AMERICANEXPRESS_2022_10K,0,894,149,226,340,True,True,True
39,0,domain-relevant,AMERICANEXPRESS_2022_10K,154,404,114,314,623,True,True,False
40,0,domain-relevant,AMERICANEXPRESS_2022_10K,95,623,5,504,1706,True,True,False
41,0,domain-relevant,AMERICANEXPRESS_2022_10K,95,623,5,504,1706,True,True,False
42,0,domain-relevant,AMERICANEXPRESS_2022_10K,43,887,5,604,1668,True,True,False
43,0,novel-generated,AMERICANEXPRESS_2022_10K,97,640,5,629,2369,True,True,False
44,0,novel-generated,AMERICANEXPRESS_2022_10K,44,954,564,606,233,True,False,False
45,0,metrics-generated,AMERICANWATERWORKS_2020_10K,85,689,2,689,2876,True,True,False
46,0,metrics-generated,AMERICANWATERWORKS_2021_10K,85,325,2,325,1352,True,True,False
46,1,metrics-generated,AMERICANWATERWORKS_2021_10K,87,737,2,737,2987,True,True,False
47,0,domain-relevant,AMERICANWATERWORKS_2022_10K,80,260,5,158,670,True,True,True
47,1,domain-relevant,AMERICANWATERWORKS_2022_10K,81,392,5,270,1052,True,True,False
48,0,metrics-generated,BESTBUY_2017_10K,55,536,2,536,1660,True,True,False
49,0,metrics-generated,BESTBUY_2019_10K,51,481,2,481,1627,True,True,False
50,0,domain-relevant,BESTBUY_2023_10K,39,262,2,193,909,True,True,True
51,0,domain-relevant,BESTBUY_2023_10K,50,876,347,641,1520,True,False,False
52,0,domain-relevant,BESTBUY_2023_10K,41,512,2,481,2324,True,True,False
53,0,novel-generated,BESTBUY_2024Q2_10Q,19,1074,82,1032,4143,True,True,False
54,0,novel-generated,BESTBUY_2024Q2_10Q,16,837,379,605,1218,True,False,False
55,0,novel-generated,BESTBUY_2024Q2_10Q,17,921,16,138,669,True,True,True
56,0,metrics-generated,BLOCK_2016_10K,67,712,2,712,2003,True,True,False
57,0,metrics-generated,BLOCK_2020_10K,85,666,2,666,1621,True,True,False
58,0,metrics-generated,BLOCK_2020_10K,89,1204,2,1204,3177,True,True,False
59,0,metrics-generated,BOEING_2018_10K,51,510,2,510,1765,True,True,False
60,0,domain-relevant,BOEING_2022_10K,61,432,5,119,457,True,True,True
61,0,domain-relevant,BOEING_2022_10K,112,767,111,147,183,True,True,True
62,0,domain-relevant,BOEING_2022_10K,54,451,5,162,496,True,True,True
63,0,domain-relevant,BOEING_2022_10K,7,737,658,674,93,True,False,False
63,1,domain-relevant,BOEING_2022_10K,9,776,401,416,71,True,False,False
63,2,domain-relevant,BOEING_2022_10K,13,789,160,179,78,True,True,True
64,0,novel-generated,BOEING_2022_10K,7,737,350,377,172,True,False,False
65,0,novel-generated,BOEING_2022_10K,8,851,678,801,705,True,False,False
66,0,novel-generated,BOEING_2022_10K,54,451,5,321,941,True,True,False
67,0,metrics-generated,COCACOLA_2017_10K,73,506,2,506,2064,True,True,False
67,1,metrics-generated,COCACOLA_2017_10K,75,555,2,555,2085,True,True,False
68,0,metrics-generated,COCACOLA_2021_10K,61,353,2,353,1271,True,True,False
69,0,metrics-generated,COCACOLA_2022_10K,62,356,2,356,1275,True,True,False
69,1,metrics-generated,COCACOLA_2022_10K,65,661,2,661,2486,True,True,False
70,0,metrics-generated,CORNING_2020_10K,69,387,2,387,1262,True,True,False
70,1,metrics-generated,CORNING_2020_10K,71,649,2,649,1959,True,True,False
71,0,metrics-generated,CORNING_2021_10K,64,558,2,558,1782,True,True,False
72,0,domain-relevant,CORNING_2022_10K,23,701,438,700,1021,True,False,False
73,0,domain-relevant,CORNING_2022_10K,59,520,5,349,1306,True,True,False
74,0,metrics-generated,COSTCO_2021_10K,37,458,2,458,1755,True,True,False
75,0,metrics-generated,CVSHEALTH_2018_10K,301,665,2,665,1767,True,True,False
75,1,metrics-generated,CVSHEALTH_2018_10K,303,644,2,644,1859,True,True,False
76,0,domain-relevant,CVSHEALTH_2022_10K,107,543,7,301,1054,True,True,False
76,1,domain-relevant,CVSHEALTH_2022_10K,109,591,7,188,637,True,True,True
77,0,domain-relevant,CVSHEALTH_2022_10K,172,965,451,510,332,True,False,False
77,1,domain-relevant,CVSHEALTH_2022_10K,172,965,645,721,452,True,False,False
77,2,domain-relevant,CVSHEALTH_2022_10K,173,1050,589,719,663,True,False,False
78,0,domain-relevant,CVSHEALTH_2022_10K,67,826,52,87,117,True,True,True
79,0,novel-generated,FOOTLOCKER_2022_8K_dated_2022-08-19,1,1135,32,170,640,True,True,True
80,0,novel-generated,FOOTLOCKER_2022_8K_dated-2022-05-20,1,883,172,546,1049,True,True,False
81,0,metrics-generated,GENERALMILLS_2019_10K,52,384,2,384,1566,True,True,False
81,1,metrics-generated,GENERALMILLS_2019_10K,54,514,2,514,1882,True,True,False
82,0,metrics-generated,GENERALMILLS_2020_10K,49,517,2,517,1656,True,True,False
83,0,metrics-generated,GENERALMILLS_2020_10K,51,902,2,902,3137,True,True,False
84,0,metrics-generated,GENERALMILLS_2022_10K,44,389,2,389,1191,True,True,False
84,1,metrics-generated,GENERALMILLS_2022_10K,48,916,2,916,2851,True,True,False
85,0,domain-relevant,JOHNSON_JOHNSON_2022_10K,27,576,2,153,615,True,True,True
86,0,domain-relevant,JOHNSON_JOHNSON_2022_10K,33,212,2,211,1041,False,True,True
87,0,domain-relevant,JOHNSON_JOHNSON_2022_10K,45,612,2,120,458,True,True,True
87,1,domain-relevant,JOHNSON_JOHNSON_2022_10K,46,314,2,62,242,True,True,True
88,0,novel-generated,JOHNSON_JOHNSON_2022Q4_EARNINGS,0,647,5,393,996,True,True,False
89,0,novel-generated,JOHNSON_JOHNSON_2022Q4_EARNINGS,1,584,189,393,596,True,True,False
90,0,novel-generated,JOHNSON_JOHNSON_2023_8K_dated-2023-08-30,3,490,2,489,2346,True,True,False
91,0,novel-generated,JOHNSON_JOHNSON_2023_8K_dated-2023-08-30,3,490,2,490,2347,True,True,False
92,0,novel-generated,JOHNSON_JOHNSON_2023_8K_dated-2023-08-30,3,490,2,490,2347,True,True,False
93,0,novel-generated,JOHNSON_JOHNSON_2023Q2_EARNINGS,9,469,2,255,864,True,True,True
94,0,novel-generated,JPMORGAN_2021Q1_10Q,18,452,2,413,1450,True,True,False
95,0,novel-generated,JPMORGAN_2021Q1_10Q,5,511,76,103,95,True,True,True
96,0,domain-relevant,JPMORGAN_2022_10K,2,1060,7,164,748,True,True,True
97,0,novel-generated,JPMORGAN_2022Q2_10Q,20,1009,2,460,1482,True,True,False
98,0,novel-generated,JPMORGAN_2023Q2_10Q,84,808,720,763,230,True,False,False
99,0,metrics-generated,KRAFTHEINZ_2019_10K,49,356,2,356,1189,True,True,False
99,1,metrics-generated,KRAFTHEINZ_2019_10K,51,528,2,528,1917,True,True,False
100,0,metrics-generated,LOCKHEEDMARTIN_2020_10K,66,409,2,409,1388,True,True,False
100,1,metrics-generated,LOCKHEEDMARTIN_2020_10K,68,389,2,389,1467,True,True,False
101,0,metrics-generated,LOCKHEEDMARTIN_2021_10K,67,389,2,389,1463,True,True,False
102,0,metrics-generated,LOCKHEEDMARTIN_2022_10K,62,429,2,429,1532,True,True,False
103,0,metrics-generated,MGMRESORTS_2018_10K,56,622,2,622,2066,True,True,False
104,0,metrics-generated,MGMRESORTS_2020_10K,64,778,2,778,2109,True,True,False
104,1,metrics-generated,MGMRESORTS_2020_10K,66,1346,2,1346,3833,True,True,False
105,0,domain-relevant,MGMRESORTS_2022_10K,31,619,132,150,70,True,True,True
106,0,novel-generated,MGMRESORTS_2022Q4_EARNINGS,12,609,198,413,621,True,True,False
107,0,novel-generated,MGMRESORTS_2022Q4_EARNINGS,13,924,38,524,1496,True,True,False
108,0,novel-generated,MGMRESORTS_2022Q4_EARNINGS,2,635,527,561,142,True,False,False
108,1,novel-generated,MGMRESORTS_2022Q4_EARNINGS,3,515,76,108,138,True,True,True
108,2,novel-generated,MGMRESORTS_2022Q4_EARNINGS,3,515,192,223,127,True,True,True
109,0,novel-generated,MGMRESORTS_2023Q2_10Q,10,779,14,164,554,True,True,True
110,0,metrics-generated,MICROSOFT_2016_10K,51,352,2,352,1431,True,True,False
111,0,domain-relevant,MICROSOFT_2023_10K,59,501,6,495,2062,True,True,False
112,0,metrics-generated,NETFLIX_2015_10K,39,317,2,317,1057,True,True,False
112,1,metrics-generated,NETFLIX_2015_10K,41,840,2,840,2882,True,True,False
113,0,metrics-generated,NETFLIX_2017_10K,44,515,2,515,1811,True,True,False
114,0,metrics-generated,NIKE_2018_10K,45,246,2,246,919,False,True,True
115,0,metrics-generated,NIKE_2019_10K,53,368,2,368,1454,True,True,False
116,0,metrics-generated,NIKE_2021_10K,58,278,2,278,926,True,True,False
116,1,metrics-generated,NIKE_2021_10K,60,414,2,414,1639,True,True,False
117,0,domain-relevant,NIKE_2023_10K,61,685,2,600,2199,True,True,False
118,0,domain-relevant,PAYPAL_2022_10K,60,486,5,486,1802,True,True,False
119,0,metrics-generated,PEPSICO_2021_10K,62,499,2,499,1964,True,True,False
120,0,domain-relevant,PEPSICO_2022_10K,3,682,5,681,3505,True,True,False
120,1,domain-relevant,PEPSICO_2022_10K,4,847,5,80,355,True,True,True
121,0,domain-relevant,PEPSICO_2022_10K,25,543,420,516,540,True,False,False
122,0,domain-relevant,PEPSICO_2022_10K,77,563,185,520,1659,True,True,False
123,0,metrics-generated,PEPSICO_2022_10K,61,348,2,348,1226,True,True,False
123,1,metrics-generated,PEPSICO_2022_10K,63,532,2,532,2137,True,True,False
124,0,metrics-generated,PEPSICO_2022_10K,61,348,2,348,1226,True,True,False
124,1,metrics-generated,PEPSICO_2022_10K,63,532,2,532,2137,True,True,False
125,0,novel-generated,PEPSICO_2023_8K_dated-2023-05-05,3,323,270,306,138,True,False,False
126,0,novel-generated,PEPSICO_2023_8K_dated-2023-05-30,1,1086,513,996,2140,True,False,False
127,0,novel-generated,PEPSICO_2023_8K_dated-2023-05-30,1,1086,2,996,4335,True,True,False
128,0,novel-generated,PEPSICO_2023Q1_EARNINGS,0,452,149,227,390,True,True,True
129,0,novel-generated,PEPSICO_2023Q1_EARNINGS,0,452,149,227,390,True,True,True
130,0,novel-generated,PFIZER_2021_10K,58,631,13,161,512,True,True,True
131,0,novel-generated,PFIZER_2021_10K,56,546,14,310,1072,True,True,False
132,0,novel-generated,PFIZER_2021_10K,69,1250,793,1239,2186,True,False,False
132,1,novel-generated,PFIZER_2021_10K,70,1627,344,526,930,True,False,False
133,0,novel-generated,Pfizer_2023Q2_10Q,40,995,313,367,297,True,False,False
134,0,novel-generated,Pfizer_2023Q2_10Q,37,1193,761,923,468,True,False,False
135,0,novel-generated,Pfizer_2023Q2_10Q,40,995,313,367,297,True,False,False
136,0,domain-relevant,ULTABEAUTY_2023_10K,0,771,5,260,1047,True,True,False
137,0,domain-relevant,ULTABEAUTY_2023_10K,56,725,6,404,1292,True,True,False
138,0,novel-generated,ULTABEAUTY_2023Q4_EARNINGS,1,801,418,713,1331,True,False,False
139,0,novel-generated,ULTABEAUTY_2023Q4_EARNINGS,2,531,64,169,474,True,True,True
140,0,novel-generated,ULTABEAUTY_2023Q4_EARNINGS,2,531,169,272,395,True,True,False
141,0,novel-generated,ULTABEAUTY_2023Q4_EARNINGS,1,801,418,713,1331,True,False,False
142,0,novel-generated,VERIZON_2021_10K,84,719,555,707,796,True,False,False
143,0,novel-generated,VERIZON_2021_10K,62,760,62,92,158,True,True,True
143,1,novel-generated,VERIZON_2021_10K,93,971,131,213,289,True,True,True
144,0,domain-relevant,VERIZON_2022_10K,55,602,2,314,1255,True,True,False
145,0,domain-relevant,VERIZON_2022_10K,55,602,2,241,931,True,True,True
145,1,domain-relevant,VERIZON_2022_10K,22,980,827,936,366,True,False,False
146,0,domain-relevant,VERIZON_2022_10K,76,923,30,412,1183,True,True,False
147,0,metrics-generated,WALMART_2018_10K,56,388,2,388,1446,True,True,False
147,1,metrics-generated,WALMART_2018_10K,58,454,2,454,1815,True,True,False
148,0,metrics-generated,WALMART_2019_10K,47,436,2,436,1450,True,True,False
149,0,metrics-generated,WALMART_2020_10K,50,403,2,403,1499,True,True,False
149,1,metrics-generated,WALMART_2020_10K,55,696,2,696,2615,True,True,False
