method,trial,question_type,metric,value
sparse,trial_01,all,recall@1,0.2533
sparse,trial_01,all,precision@1,0.28
sparse,trial_01,all,mrr@1,0.28
sparse,trial_01,all,recall@2,0.3389
sparse,trial_01,all,precision@2,0.2
sparse,trial_01,all,mrr@2,0.3267
sparse,trial_01,all,recall@3,0.4156
sparse,trial_01,all,precision@3,0.1622
sparse,trial_01,all,mrr@3,0.3511
sparse,trial_01,all,query_tokenize_time_ms,0.1628
sparse,trial_01,all,score_time_ms,0.1775
sparse,trial_01,all,retrieval_time_ms,0.3404
sparse,trial_01,all,score_to_first_token_ms,427.516
sparse,trial_01,all,prompt_prep_time_ms,0.6787
sparse,trial_01,all,full_ttft_ms,427.8564
sparse,trial_01,all,full_gen_time_ms,1999.9255
sparse,trial_01,metrics-generated,recall@1,0.07
sparse,trial_01,metrics-generated,precision@1,0.1
sparse,trial_01,metrics-generated,mrr@1,0.1
sparse,trial_01,metrics-generated,recall@2,0.15
sparse,trial_01,metrics-generated,precision@2,0.11
sparse,trial_01,metrics-generated,mrr@2,0.14
sparse,trial_01,metrics-generated,recall@3,0.22
sparse,trial_01,metrics-generated,precision@3,0.1
sparse,trial_01,metrics-generated,mrr@3,0.1667
sparse,trial_01,metrics-generated,query_tokenize_time_ms,0.2111
sparse,trial_01,metrics-generated,score_time_ms,0.2331
sparse,trial_01,metrics-generated,retrieval_time_ms,0.4443
sparse,trial_01,metrics-generated,score_to_first_token_ms,456.1776
sparse,trial_01,metrics-generated,prompt_prep_time_ms,0.7979
sparse,trial_01,metrics-generated,full_ttft_ms,456.6219
sparse,trial_01,metrics-generated,full_gen_time_ms,1805.2079
sparse,trial_01,domain-relevant,recall@1,0.27
sparse,trial_01,domain-relevant,precision@1,0.3
sparse,trial_01,domain-relevant,mrr@1,0.3
sparse,trial_01,domain-relevant,recall@2,0.3467
sparse,trial_01,domain-relevant,precision@2,0.21
sparse,trial_01,domain-relevant,mrr@2,0.35
sparse,trial_01,domain-relevant,recall@3,0.4267
sparse,trial_01,domain-relevant,precision@3,0.1733
sparse,trial_01,domain-relevant,mrr@3,0.37
sparse,trial_01,domain-relevant,query_tokenize_time_ms,0.1434
sparse,trial_01,domain-relevant,score_time_ms,0.1629
sparse,trial_01,domain-relevant,retrieval_time_ms,0.3064
sparse,trial_01,domain-relevant,score_to_first_token_ms,386.3785
sparse,trial_01,domain-relevant,prompt_prep_time_ms,0.6014
sparse,trial_01,domain-relevant,full_ttft_ms,386.6849
sparse,trial_01,domain-relevant,full_gen_time_ms,2121.2339
sparse,trial_01,novel-generated,recall@1,0.42
sparse,trial_01,novel-generated,precision@1,0.44
sparse,trial_01,novel-generated,mrr@1,0.44
sparse,trial_01,novel-generated,recall@2,0.52
sparse,trial_01,novel-generated,precision@2,0.28
sparse,trial_01,novel-generated,mrr@2,0.49
sparse,trial_01,novel-generated,recall@3,0.6
sparse,trial_01,novel-generated,precision@3,0.2133
sparse,trial_01,novel-generated,mrr@3,0.5167
sparse,trial_01,novel-generated,query_tokenize_time_ms,0.1339
sparse,trial_01,novel-generated,score_time_ms,0.1365
sparse,trial_01,novel-generated,retrieval_time_ms,0.2704
sparse,trial_01,novel-generated,score_to_first_token_ms,439.9918
sparse,trial_01,novel-generated,prompt_prep_time_ms,0.6368
sparse,trial_01,novel-generated,full_ttft_ms,440.2623
sparse,trial_01,novel-generated,full_gen_time_ms,2073.3346
sparse,trial_02,all,recall@1,0.2533
sparse,trial_02,all,precision@1,0.28
sparse,trial_02,all,mrr@1,0.28
sparse,trial_02,all,recall@2,0.3389
sparse,trial_02,all,precision@2,0.2
sparse,trial_02,all,mrr@2,0.3267
sparse,trial_02,all,recall@3,0.4156
sparse,trial_02,all,precision@3,0.1622
sparse,trial_02,all,mrr@3,0.3511
sparse,trial_02,all,query_tokenize_time_ms,0.1746
sparse,trial_02,all,score_time_ms,0.1741
sparse,trial_02,all,retrieval_time_ms,0.3487
sparse,trial_02,all,score_to_first_token_ms,442.3598
sparse,trial_02,all,prompt_prep_time_ms,0.6595
sparse,trial_02,all,full_ttft_ms,442.7085
sparse,trial_02,all,full_gen_time_ms,2058.6236
sparse,trial_02,metrics-generated,recall@1,0.07
sparse,trial_02,metrics-generated,precision@1,0.1
sparse,trial_02,metrics-generated,mrr@1,0.1
sparse,trial_02,metrics-generated,recall@2,0.15
sparse,trial_02,metrics-generated,precision@2,0.11
sparse,trial_02,metrics-generated,mrr@2,0.14
sparse,trial_02,metrics-generated,recall@3,0.22
sparse,trial_02,metrics-generated,precision@3,0.1
sparse,trial_02,metrics-generated,mrr@3,0.1667
sparse,trial_02,metrics-generated,query_tokenize_time_ms,0.224
sparse,trial_02,metrics-generated,score_time_ms,0.2121
sparse,trial_02,metrics-generated,retrieval_time_ms,0.4361
sparse,trial_02,metrics-generated,score_to_first_token_ms,477.3778
sparse,trial_02,metrics-generated,prompt_prep_time_ms,0.7224
sparse,trial_02,metrics-generated,full_ttft_ms,477.8139
sparse,trial_02,metrics-generated,full_gen_time_ms,1887.9121
sparse,trial_02,domain-relevant,recall@1,0.27
sparse,trial_02,domain-relevant,precision@1,0.3
sparse,trial_02,domain-relevant,mrr@1,0.3
sparse,trial_02,domain-relevant,recall@2,0.3467
sparse,trial_02,domain-relevant,precision@2,0.21
sparse,trial_02,domain-relevant,mrr@2,0.35
sparse,trial_02,domain-relevant,recall@3,0.4267
sparse,trial_02,domain-relevant,precision@3,0.1733
sparse,trial_02,domain-relevant,mrr@3,0.37
sparse,trial_02,domain-relevant,query_tokenize_time_ms,0.14
sparse,trial_02,domain-relevant,score_time_ms,0.1465
sparse,trial_02,domain-relevant,retrieval_time_ms,0.2865
sparse,trial_02,domain-relevant,score_to_first_token_ms,392.7442
sparse,trial_02,domain-relevant,prompt_prep_time_ms,0.6132
sparse,trial_02,domain-relevant,full_ttft_ms,393.0308
sparse,trial_02,domain-relevant,full_gen_time_ms,2137.8601
sparse,trial_02,novel-generated,recall@1,0.42
sparse,trial_02,novel-generated,precision@1,0.44
sparse,trial_02,novel-generated,mrr@1,0.44
sparse,trial_02,novel-generated,recall@2,0.52
sparse,trial_02,novel-generated,precision@2,0.28
sparse,trial_02,novel-generated,mrr@2,0.49
sparse,trial_02,novel-generated,recall@3,0.6
sparse,trial_02,novel-generated,precision@3,0.2133
sparse,trial_02,novel-generated,mrr@3,0.5167
sparse,trial_02,novel-generated,query_tokenize_time_ms,0.1599
sparse,trial_02,novel-generated,score_time_ms,0.1637
sparse,trial_02,novel-generated,retrieval_time_ms,0.3236
sparse,trial_02,novel-generated,score_to_first_token_ms,456.9574
sparse,trial_02,novel-generated,prompt_prep_time_ms,0.6428
sparse,trial_02,novel-generated,full_ttft_ms,457.281
sparse,trial_02,novel-generated,full_gen_time_ms,2150.0985
sparse,trial_03,all,recall@1,0.2533
sparse,trial_03,all,precision@1,0.28
sparse,trial_03,all,mrr@1,0.28
sparse,trial_03,all,recall@2,0.3389
sparse,trial_03,all,precision@2,0.2
sparse,trial_03,all,mrr@2,0.3267
sparse,trial_03,all,recall@3,0.4156
sparse,trial_03,all,precision@3,0.1622
sparse,trial_03,all,mrr@3,0.3511
sparse,trial_03,all,query_tokenize_time_ms,0.1142
sparse,trial_03,all,score_time_ms,0.153
sparse,trial_03,all,retrieval_time_ms,0.2672
sparse,trial_03,all,score_to_first_token_ms,411.3982
sparse,trial_03,all,prompt_prep_time_ms,0.6275
sparse,trial_03,all,full_ttft_ms,411.6654
sparse,trial_03,all,full_gen_time_ms,1901.2434
sparse,trial_03,metrics-generated,recall@1,0.07
sparse,trial_03,metrics-generated,precision@1,0.1
sparse,trial_03,metrics-generated,mrr@1,0.1
sparse,trial_03,metrics-generated,recall@2,0.15
sparse,trial_03,metrics-generated,precision@2,0.11
sparse,trial_03,metrics-generated,mrr@2,0.14
sparse,trial_03,metrics-generated,recall@3,0.22
sparse,trial_03,metrics-generated,precision@3,0.1
sparse,trial_03,metrics-generated,mrr@3,0.1667
sparse,trial_03,metrics-generated,query_tokenize_time_ms,0.1298
sparse,trial_03,metrics-generated,score_time_ms,0.2326
sparse,trial_03,metrics-generated,retrieval_time_ms,0.3623
sparse,trial_03,metrics-generated,score_to_first_token_ms,448.4384
sparse,trial_03,metrics-generated,prompt_prep_time_ms,0.66
sparse,trial_03,metrics-generated,full_ttft_ms,448.8007
sparse,trial_03,metrics-generated,full_gen_time_ms,1736.3672
sparse,trial_03,domain-relevant,recall@1,0.27
sparse,trial_03,domain-relevant,precision@1,0.3
sparse,trial_03,domain-relevant,mrr@1,0.3
sparse,trial_03,domain-relevant,recall@2,0.3467
sparse,trial_03,domain-relevant,precision@2,0.21
sparse,trial_03,domain-relevant,mrr@2,0.35
sparse,trial_03,domain-relevant,recall@3,0.4267
sparse,trial_03,domain-relevant,precision@3,0.1733
sparse,trial_03,domain-relevant,mrr@3,0.37
sparse,trial_03,domain-relevant,query_tokenize_time_ms,0.1063
sparse,trial_03,domain-relevant,score_time_ms,0.1126
sparse,trial_03,domain-relevant,retrieval_time_ms,0.2189
sparse,trial_03,domain-relevant,score_to_first_token_ms,369.9638
sparse,trial_03,domain-relevant,prompt_prep_time_ms,0.5962
sparse,trial_03,domain-relevant,full_ttft_ms,370.1827
sparse,trial_03,domain-relevant,full_gen_time_ms,1968.8247
sparse,trial_03,novel-generated,recall@1,0.42
sparse,trial_03,novel-generated,precision@1,0.44
sparse,trial_03,novel-generated,mrr@1,0.44
sparse,trial_03,novel-generated,recall@2,0.52
sparse,trial_03,novel-generated,precision@2,0.28
sparse,trial_03,novel-generated,mrr@2,0.49
sparse,trial_03,novel-generated,recall@3,0.6
sparse,trial_03,novel-generated,precision@3,0.2133
sparse,trial_03,novel-generated,mrr@3,0.5167
sparse,trial_03,novel-generated,query_tokenize_time_ms,0.1065
sparse,trial_03,novel-generated,score_time_ms,0.1139
sparse,trial_03,novel-generated,retrieval_time_ms,0.2204
sparse,trial_03,novel-generated,score_to_first_token_ms,415.7925
sparse,trial_03,novel-generated,prompt_prep_time_ms,0.6262
sparse,trial_03,novel-generated,full_ttft_ms,416.0129
sparse,trial_03,novel-generated,full_gen_time_ms,1998.5384
sparse,trial_04,all,recall@1,0.2533
sparse,trial_04,all,precision@1,0.28
sparse,trial_04,all,mrr@1,0.28
sparse,trial_04,all,recall@2,0.3389
sparse,trial_04,all,precision@2,0.2
sparse,trial_04,all,mrr@2,0.3267
sparse,trial_04,all,recall@3,0.4156
sparse,trial_04,all,precision@3,0.1622
sparse,trial_04,all,mrr@3,0.3511
sparse,trial_04,all,query_tokenize_time_ms,0.1856
sparse,trial_04,all,score_time_ms,0.1419
sparse,trial_04,all,retrieval_time_ms,0.3275
sparse,trial_04,all,score_to_first_token_ms,414.8527
sparse,trial_04,all,prompt_prep_time_ms,0.6287
sparse,trial_04,all,full_ttft_ms,415.1802
sparse,trial_04,all,full_gen_time_ms,1920.4478
sparse,trial_04,metrics-generated,recall@1,0.07
sparse,trial_04,metrics-generated,precision@1,0.1
sparse,trial_04,metrics-generated,mrr@1,0.1
sparse,trial_04,metrics-generated,recall@2,0.15
sparse,trial_04,metrics-generated,precision@2,0.11
sparse,trial_04,metrics-generated,mrr@2,0.14
sparse,trial_04,metrics-generated,recall@3,0.22
sparse,trial_04,metrics-generated,precision@3,0.1
sparse,trial_04,metrics-generated,mrr@3,0.1667
sparse,trial_04,metrics-generated,query_tokenize_time_ms,0.1676
sparse,trial_04,metrics-generated,score_time_ms,0.1802
sparse,trial_04,metrics-generated,retrieval_time_ms,0.3478
sparse,trial_04,metrics-generated,score_to_first_token_ms,451.4236
sparse,trial_04,metrics-generated,prompt_prep_time_ms,0.6651
sparse,trial_04,metrics-generated,full_ttft_ms,451.7713
sparse,trial_04,metrics-generated,full_gen_time_ms,1773.5422
sparse,trial_04,domain-relevant,recall@1,0.27
sparse,trial_04,domain-relevant,precision@1,0.3
sparse,trial_04,domain-relevant,mrr@1,0.3
sparse,trial_04,domain-relevant,recall@2,0.3467
sparse,trial_04,domain-relevant,precision@2,0.21
sparse,trial_04,domain-relevant,mrr@2,0.35
sparse,trial_04,domain-relevant,recall@3,0.4267
sparse,trial_04,domain-relevant,precision@3,0.1733
sparse,trial_04,domain-relevant,mrr@3,0.37
sparse,trial_04,domain-relevant,query_tokenize_time_ms,0.274
sparse,trial_04,domain-relevant,score_time_ms,0.1276
sparse,trial_04,domain-relevant,retrieval_time_ms,0.4016
sparse,trial_04,domain-relevant,score_to_first_token_ms,371.4823
sparse,trial_04,domain-relevant,prompt_prep_time_ms,0.5959
sparse,trial_04,domain-relevant,full_ttft_ms,371.8839
sparse,trial_04,domain-relevant,full_gen_time_ms,1980.4615
sparse,trial_04,novel-generated,recall@1,0.42
sparse,trial_04,novel-generated,precision@1,0.44
sparse,trial_04,novel-generated,mrr@1,0.44
sparse,trial_04,novel-generated,recall@2,0.52
sparse,trial_04,novel-generated,precision@2,0.28
sparse,trial_04,novel-generated,mrr@2,0.49
sparse,trial_04,novel-generated,recall@3,0.6
sparse,trial_04,novel-generated,precision@3,0.2133
sparse,trial_04,novel-generated,mrr@3,0.5167
sparse,trial_04,novel-generated,query_tokenize_time_ms,0.1151
sparse,trial_04,novel-generated,score_time_ms,0.118
sparse,trial_04,novel-generated,retrieval_time_ms,0.233
sparse,trial_04,novel-generated,score_to_first_token_ms,421.6522
sparse,trial_04,novel-generated,prompt_prep_time_ms,0.6251
sparse,trial_04,novel-generated,full_ttft_ms,421.8853
sparse,trial_04,novel-generated,full_gen_time_ms,2007.3398
sparse,trial_05,all,recall@1,0.2533
sparse,trial_05,all,precision@1,0.28
sparse,trial_05,all,mrr@1,0.28
sparse,trial_05,all,recall@2,0.3389
sparse,trial_05,all,precision@2,0.2
sparse,trial_05,all,mrr@2,0.3267
sparse,trial_05,all,recall@3,0.4156
sparse,trial_05,all,precision@3,0.1622
sparse,trial_05,all,mrr@3,0.3511
sparse,trial_05,all,query_tokenize_time_ms,0.1704
sparse,trial_05,all,score_time_ms,0.1962
sparse,trial_05,all,retrieval_time_ms,0.3666
sparse,trial_05,all,score_to_first_token_ms,454.3634
sparse,trial_05,all,prompt_prep_time_ms,0.6449
sparse,trial_05,all,full_ttft_ms,454.73
sparse,trial_05,all,full_gen_time_ms,2080.463
sparse,trial_05,metrics-generated,recall@1,0.07
sparse,trial_05,metrics-generated,precision@1,0.1
sparse,trial_05,metrics-generated,mrr@1,0.1
sparse,trial_05,metrics-generated,recall@2,0.15
sparse,trial_05,metrics-generated,precision@2,0.11
sparse,trial_05,metrics-generated,mrr@2,0.14
sparse,trial_05,metrics-generated,recall@3,0.22
sparse,trial_05,metrics-generated,precision@3,0.1
sparse,trial_05,metrics-generated,mrr@3,0.1667
sparse,trial_05,metrics-generated,query_tokenize_time_ms,0.195
sparse,trial_05,metrics-generated,score_time_ms,0.1918
sparse,trial_05,metrics-generated,retrieval_time_ms,0.3868
sparse,trial_05,metrics-generated,score_to_first_token_ms,481.7575
sparse,trial_05,metrics-generated,prompt_prep_time_ms,0.6921
sparse,trial_05,metrics-generated,full_ttft_ms,482.1443
sparse,trial_05,metrics-generated,full_gen_time_ms,1819.6689
sparse,trial_05,domain-relevant,recall@1,0.27
sparse,trial_05,domain-relevant,precision@1,0.3
sparse,trial_05,domain-relevant,mrr@1,0.3
sparse,trial_05,domain-relevant,recall@2,0.3467
sparse,trial_05,domain-relevant,precision@2,0.21
sparse,trial_05,domain-relevant,mrr@2,0.35
sparse,trial_05,domain-relevant,recall@3,0.4267
sparse,trial_05,domain-relevant,precision@3,0.1733
sparse,trial_05,domain-relevant,mrr@3,0.37
sparse,trial_05,domain-relevant,query_tokenize_time_ms,0.1662
sparse,trial_05,domain-relevant,score_time_ms,0.162
sparse,trial_05,domain-relevant,retrieval_time_ms,0.3282
sparse,trial_05,domain-relevant,score_to_first_token_ms,437.4686
sparse,trial_05,domain-relevant,prompt_prep_time_ms,0.6232
sparse,trial_05,domain-relevant,full_ttft_ms,437.7968
sparse,trial_05,domain-relevant,full_gen_time_ms,2315.7748
sparse,trial_05,novel-generated,recall@1,0.42
sparse,trial_05,novel-generated,precision@1,0.44
sparse,trial_05,novel-generated,mrr@1,0.44
sparse,trial_05,novel-generated,recall@2,0.52
sparse,trial_05,novel-generated,precision@2,0.28
sparse,trial_05,novel-generated,mrr@2,0.49
sparse,trial_05,novel-generated,recall@3,0.6
sparse,trial_05,novel-generated,precision@3,0.2133
sparse,trial_05,novel-generated,mrr@3,0.5167
sparse,trial_05,novel-generated,query_tokenize_time_ms,0.1499
sparse,trial_05,novel-generated,score_time_ms,0.2348
sparse,trial_05,novel-generated,retrieval_time_ms,0.3847
sparse,trial_05,novel-generated,score_to_first_token_ms,443.8641
sparse,trial_05,novel-generated,prompt_prep_time_ms,0.6195
sparse,trial_05,novel-generated,full_ttft_ms,444.2489
sparse,trial_05,novel-generated,full_gen_time_ms,2105.9455
sparse,trial_06,all,recall@1,0.2533
sparse,trial_06,all,precision@1,0.28
sparse,trial_06,all,mrr@1,0.28
sparse,trial_06,all,recall@2,0.3389
sparse,trial_06,all,precision@2,0.2
sparse,trial_06,all,mrr@2,0.3267
sparse,trial_06,all,recall@3,0.4156
sparse,trial_06,all,precision@3,0.1622
sparse,trial_06,all,mrr@3,0.3511
sparse,trial_06,all,query_tokenize_time_ms,0.1528
sparse,trial_06,all,score_time_ms,0.1498
sparse,trial_06,all,retrieval_time_ms,0.3027
sparse,trial_06,all,score_to_first_token_ms,435.3117
sparse,trial_06,all,prompt_prep_time_ms,0.6438
sparse,trial_06,all,full_ttft_ms,435.6144
sparse,trial_06,all,full_gen_time_ms,2002.0179
sparse,trial_06,metrics-generated,recall@1,0.07
sparse,trial_06,metrics-generated,precision@1,0.1
sparse,trial_06,metrics-generated,mrr@1,0.1
sparse,trial_06,metrics-generated,recall@2,0.15
sparse,trial_06,metrics-generated,precision@2,0.11
sparse,trial_06,metrics-generated,mrr@2,0.14
sparse,trial_06,metrics-generated,recall@3,0.22
sparse,trial_06,metrics-generated,precision@3,0.1
sparse,trial_06,metrics-generated,mrr@3,0.1667
sparse,trial_06,metrics-generated,query_tokenize_time_ms,0.2044
sparse,trial_06,metrics-generated,score_time_ms,0.1841
sparse,trial_06,metrics-generated,retrieval_time_ms,0.3885
sparse,trial_06,metrics-generated,score_to_first_token_ms,478.1204
sparse,trial_06,metrics-generated,prompt_prep_time_ms,0.6937
sparse,trial_06,metrics-generated,full_ttft_ms,478.5089
sparse,trial_06,metrics-generated,full_gen_time_ms,1826.6974
sparse,trial_06,domain-relevant,recall@1,0.27
sparse,trial_06,domain-relevant,precision@1,0.3
sparse,trial_06,domain-relevant,mrr@1,0.3
sparse,trial_06,domain-relevant,recall@2,0.3467
sparse,trial_06,domain-relevant,precision@2,0.21
sparse,trial_06,domain-relevant,mrr@2,0.35
sparse,trial_06,domain-relevant,recall@3,0.4267
sparse,trial_06,domain-relevant,precision@3,0.1733
sparse,trial_06,domain-relevant,mrr@3,0.37
sparse,trial_06,domain-relevant,query_tokenize_time_ms,0.1222
sparse,trial_06,domain-relevant,score_time_ms,0.1244
sparse,trial_06,domain-relevant,retrieval_time_ms,0.2465
sparse,trial_06,domain-relevant,score_to_first_token_ms,387.2973
sparse,trial_06,domain-relevant,prompt_prep_time_ms,0.605
sparse,trial_06,domain-relevant,full_ttft_ms,387.5439
sparse,trial_06,domain-relevant,full_gen_time_ms,2055.1789
sparse,trial_06,novel-generated,recall@1,0.42
sparse,trial_06,novel-generated,precision@1,0.44
sparse,trial_06,novel-generated,mrr@1,0.44
sparse,trial_06,novel-generated,recall@2,0.52
sparse,trial_06,novel-generated,precision@2,0.28
sparse,trial_06,novel-generated,mrr@2,0.49
sparse,trial_06,novel-generated,recall@3,0.6
sparse,trial_06,novel-generated,precision@3,0.2133
sparse,trial_06,novel-generated,mrr@3,0.5167
sparse,trial_06,novel-generated,query_tokenize_time_ms,0.1319
sparse,trial_06,novel-generated,score_time_ms,0.1411
sparse,trial_06,novel-generated,retrieval_time_ms,0.2729
sparse,trial_06,novel-generated,score_to_first_token_ms,440.5174
sparse,trial_06,novel-generated,prompt_prep_time_ms,0.6327
sparse,trial_06,novel-generated,full_ttft_ms,440.7903
sparse,trial_06,novel-generated,full_gen_time_ms,2124.1775
sparse,trial_07,all,recall@1,0.2533
sparse,trial_07,all,precision@1,0.28
sparse,trial_07,all,mrr@1,0.28
sparse,trial_07,all,recall@2,0.3389
sparse,trial_07,all,precision@2,0.2
sparse,trial_07,all,mrr@2,0.3267
sparse,trial_07,all,recall@3,0.4156
sparse,trial_07,all,precision@3,0.1622
sparse,trial_07,all,mrr@3,0.3511
sparse,trial_07,all,query_tokenize_time_ms,0.1521
sparse,trial_07,all,score_time_ms,0.1527
sparse,trial_07,all,retrieval_time_ms,0.3048
sparse,trial_07,all,score_to_first_token_ms,415.9056
sparse,trial_07,all,prompt_prep_time_ms,0.6329
sparse,trial_07,all,full_ttft_ms,416.2104
sparse,trial_07,all,full_gen_time_ms,1944.6161
sparse,trial_07,metrics-generated,recall@1,0.07
sparse,trial_07,metrics-generated,precision@1,0.1
sparse,trial_07,metrics-generated,mrr@1,0.1
sparse,trial_07,metrics-generated,recall@2,0.15
sparse,trial_07,metrics-generated,precision@2,0.11
sparse,trial_07,metrics-generated,mrr@2,0.14
sparse,trial_07,metrics-generated,recall@3,0.22
sparse,trial_07,metrics-generated,precision@3,0.1
sparse,trial_07,metrics-generated,mrr@3,0.1667
sparse,trial_07,metrics-generated,query_tokenize_time_ms,0.143
sparse,trial_07,metrics-generated,score_time_ms,0.1582
sparse,trial_07,metrics-generated,retrieval_time_ms,0.3011
sparse,trial_07,metrics-generated,score_to_first_token_ms,447.1161
sparse,trial_07,metrics-generated,prompt_prep_time_ms,0.6658
sparse,trial_07,metrics-generated,full_ttft_ms,447.4173
sparse,trial_07,metrics-generated,full_gen_time_ms,1765.7173
sparse,trial_07,domain-relevant,recall@1,0.27
sparse,trial_07,domain-relevant,precision@1,0.3
sparse,trial_07,domain-relevant,mrr@1,0.3
sparse,trial_07,domain-relevant,recall@2,0.3467
sparse,trial_07,domain-relevant,precision@2,0.21
sparse,trial_07,domain-relevant,mrr@2,0.35
sparse,trial_07,domain-relevant,recall@3,0.4267
sparse,trial_07,domain-relevant,precision@3,0.1733
sparse,trial_07,domain-relevant,mrr@3,0.37
sparse,trial_07,domain-relevant,query_tokenize_time_ms,0.1955
sparse,trial_07,domain-relevant,score_time_ms,0.1774
sparse,trial_07,domain-relevant,retrieval_time_ms,0.3729
sparse,trial_07,domain-relevant,score_to_first_token_ms,381.2055
sparse,trial_07,domain-relevant,prompt_prep_time_ms,0.6061
sparse,trial_07,domain-relevant,full_ttft_ms,381.5784
sparse,trial_07,domain-relevant,full_gen_time_ms,2015.611
sparse,trial_07,novel-generated,recall@1,0.42
sparse,trial_07,novel-generated,precision@1,0.44
sparse,trial_07,novel-generated,mrr@1,0.44
sparse,trial_07,novel-generated,recall@2,0.52
sparse,trial_07,novel-generated,precision@2,0.28
sparse,trial_07,novel-generated,mrr@2,0.49
sparse,trial_07,novel-generated,recall@3,0.6
sparse,trial_07,novel-generated,precision@3,0.2133
sparse,trial_07,novel-generated,mrr@3,0.5167
sparse,trial_07,novel-generated,query_tokenize_time_ms,0.1178
sparse,trial_07,novel-generated,score_time_ms,0.1226
sparse,trial_07,novel-generated,retrieval_time_ms,0.2403
sparse,trial_07,novel-generated,score_to_first_token_ms,419.3953
sparse,trial_07,novel-generated,prompt_prep_time_ms,0.6267
sparse,trial_07,novel-generated,full_ttft_ms,419.6356
sparse,trial_07,novel-generated,full_gen_time_ms,2052.5199
sparse,trial_08,all,recall@1,0.2533
sparse,trial_08,all,precision@1,0.28
sparse,trial_08,all,mrr@1,0.28
sparse,trial_08,all,recall@2,0.3389
sparse,trial_08,all,precision@2,0.2
sparse,trial_08,all,mrr@2,0.3267
sparse,trial_08,all,recall@3,0.4156
sparse,trial_08,all,precision@3,0.1622
sparse,trial_08,all,mrr@3,0.3511
sparse,trial_08,all,query_tokenize_time_ms,0.1337
sparse,trial_08,all,score_time_ms,0.1356
sparse,trial_08,all,retrieval_time_ms,0.2693
sparse,trial_08,all,score_to_first_token_ms,417.1943
sparse,trial_08,all,prompt_prep_time_ms,0.6305
sparse,trial_08,all,full_ttft_ms,417.4637
sparse,trial_08,all,full_gen_time_ms,1928.6453
sparse,trial_08,metrics-generated,recall@1,0.07
sparse,trial_08,metrics-generated,precision@1,0.1
sparse,trial_08,metrics-generated,mrr@1,0.1
sparse,trial_08,metrics-generated,recall@2,0.15
sparse,trial_08,metrics-generated,precision@2,0.11
sparse,trial_08,metrics-generated,mrr@2,0.14
sparse,trial_08,metrics-generated,recall@3,0.22
sparse,trial_08,metrics-generated,precision@3,0.1
sparse,trial_08,metrics-generated,mrr@3,0.1667
sparse,trial_08,metrics-generated,query_tokenize_time_ms,0.1642
sparse,trial_08,metrics-generated,score_time_ms,0.1739
sparse,trial_08,metrics-generated,retrieval_time_ms,0.3381
sparse,trial_08,metrics-generated,score_to_first_token_ms,450.2049
sparse,trial_08,metrics-generated,prompt_prep_time_ms,0.6688
sparse,trial_08,metrics-generated,full_ttft_ms,450.543
sparse,trial_08,metrics-generated,full_gen_time_ms,1766.3663
sparse,trial_08,domain-relevant,recall@1,0.27
sparse,trial_08,domain-relevant,precision@1,0.3
sparse,trial_08,domain-relevant,mrr@1,0.3
sparse,trial_08,domain-relevant,recall@2,0.3467
sparse,trial_08,domain-relevant,precision@2,0.21
sparse,trial_08,domain-relevant,mrr@2,0.35
sparse,trial_08,domain-relevant,recall@3,0.4267
sparse,trial_08,domain-relevant,precision@3,0.1733
sparse,trial_08,domain-relevant,mrr@3,0.37
sparse,trial_08,domain-relevant,query_tokenize_time_ms,0.1238
sparse,trial_08,domain-relevant,score_time_ms,0.1208
sparse,trial_08,domain-relevant,retrieval_time_ms,0.2446
sparse,trial_08,domain-relevant,score_to_first_token_ms,372.6604
sparse,trial_08,domain-relevant,prompt_prep_time_ms,0.5968
sparse,trial_08,domain-relevant,full_ttft_ms,372.9049
sparse,trial_08,domain-relevant,full_gen_time_ms,2003.5568
sparse,trial_08,novel-generated,recall@1,0.42
sparse,trial_08,novel-generated,precision@1,0.44
sparse,trial_08,novel-generated,mrr@1,0.44
sparse,trial_08,novel-generated,recall@2,0.52
sparse,trial_08,novel-generated,precision@2,0.28
sparse,trial_08,novel-generated,mrr@2,0.49
sparse,trial_08,novel-generated,recall@3,0.6
sparse,trial_08,novel-generated,precision@3,0.2133
sparse,trial_08,novel-generated,mrr@3,0.5167
sparse,trial_08,novel-generated,query_tokenize_time_ms,0.1131
sparse,trial_08,novel-generated,score_time_ms,0.1122
sparse,trial_08,novel-generated,retrieval_time_ms,0.2253
sparse,trial_08,novel-generated,score_to_first_token_ms,428.7178
sparse,trial_08,novel-generated,prompt_prep_time_ms,0.6259
sparse,trial_08,novel-generated,full_ttft_ms,428.9431
sparse,trial_08,novel-generated,full_gen_time_ms,2016.0127
sparse,trial_09,all,recall@1,0.2533
sparse,trial_09,all,precision@1,0.28
sparse,trial_09,all,mrr@1,0.28
sparse,trial_09,all,recall@2,0.3389
sparse,trial_09,all,precision@2,0.2
sparse,trial_09,all,mrr@2,0.3267
sparse,trial_09,all,recall@3,0.4156
sparse,trial_09,all,precision@3,0.1622
sparse,trial_09,all,mrr@3,0.3511
sparse,trial_09,all,query_tokenize_time_ms,0.1228
sparse,trial_09,all,score_time_ms,0.1266
sparse,trial_09,all,retrieval_time_ms,0.2495
sparse,trial_09,all,score_to_first_token_ms,417.8005
sparse,trial_09,all,prompt_prep_time_ms,0.6246
sparse,trial_09,all,full_ttft_ms,418.0499
sparse,trial_09,all,full_gen_time_ms,1918.8018
sparse,trial_09,metrics-generated,recall@1,0.07
sparse,trial_09,metrics-generated,precision@1,0.1
sparse,trial_09,metrics-generated,mrr@1,0.1
sparse,trial_09,metrics-generated,recall@2,0.15
sparse,trial_09,metrics-generated,precision@2,0.11
sparse,trial_09,metrics-generated,mrr@2,0.14
sparse,trial_09,metrics-generated,recall@3,0.22
sparse,trial_09,metrics-generated,precision@3,0.1
sparse,trial_09,metrics-generated,mrr@3,0.1667
sparse,trial_09,metrics-generated,query_tokenize_time_ms,0.1434
sparse,trial_09,metrics-generated,score_time_ms,0.1476
sparse,trial_09,metrics-generated,retrieval_time_ms,0.291
sparse,trial_09,metrics-generated,score_to_first_token_ms,452.3713
sparse,trial_09,metrics-generated,prompt_prep_time_ms,0.6567
sparse,trial_09,metrics-generated,full_ttft_ms,452.6624
sparse,trial_09,metrics-generated,full_gen_time_ms,1759.999
sparse,trial_09,domain-relevant,recall@1,0.27
sparse,trial_09,domain-relevant,precision@1,0.3
sparse,trial_09,domain-relevant,mrr@1,0.3
sparse,trial_09,domain-relevant,recall@2,0.3467
sparse,trial_09,domain-relevant,precision@2,0.21
sparse,trial_09,domain-relevant,mrr@2,0.35
sparse,trial_09,domain-relevant,recall@3,0.4267
sparse,trial_09,domain-relevant,precision@3,0.1733
sparse,trial_09,domain-relevant,mrr@3,0.37
sparse,trial_09,domain-relevant,query_tokenize_time_ms,0.1085
sparse,trial_09,domain-relevant,score_time_ms,0.1127
sparse,trial_09,domain-relevant,retrieval_time_ms,0.2213
sparse,trial_09,domain-relevant,score_to_first_token_ms,377.6278
sparse,trial_09,domain-relevant,prompt_prep_time_ms,0.5933
sparse,trial_09,domain-relevant,full_ttft_ms,377.8491
sparse,trial_09,domain-relevant,full_gen_time_ms,1992.399
sparse,trial_09,novel-generated,recall@1,0.42
sparse,trial_09,novel-generated,precision@1,0.44
sparse,trial_09,novel-generated,mrr@1,0.44
sparse,trial_09,novel-generated,recall@2,0.52
sparse,trial_09,novel-generated,precision@2,0.28
sparse,trial_09,novel-generated,mrr@2,0.49
sparse,trial_09,novel-generated,recall@3,0.6
sparse,trial_09,novel-generated,precision@3,0.2133
sparse,trial_09,novel-generated,mrr@3,0.5167
sparse,trial_09,novel-generated,query_tokenize_time_ms,0.1165
sparse,trial_09,novel-generated,score_time_ms,0.1196
sparse,trial_09,novel-generated,retrieval_time_ms,0.2361
sparse,trial_09,novel-generated,score_to_first_token_ms,423.4023
sparse,trial_09,novel-generated,prompt_prep_time_ms,0.6238
sparse,trial_09,novel-generated,full_ttft_ms,423.6384
sparse,trial_09,novel-generated,full_gen_time_ms,2004.0073
sparse,trial_10,all,recall@1,0.2533
sparse,trial_10,all,precision@1,0.28
sparse,trial_10,all,mrr@1,0.28
sparse,trial_10,all,recall@2,0.3389
sparse,trial_10,all,precision@2,0.2
sparse,trial_10,all,mrr@2,0.3267
sparse,trial_10,all,recall@3,0.4156
sparse,trial_10,all,precision@3,0.1622
sparse,trial_10,all,mrr@3,0.3511
sparse,trial_10,all,query_tokenize_time_ms,0.1652
sparse,trial_10,all,score_time_ms,0.1729
sparse,trial_10,all,retrieval_time_ms,0.3381
sparse,trial_10,all,score_to_first_token_ms,428.2386
sparse,trial_10,all,prompt_prep_time_ms,0.631
sparse,trial_10,all,full_ttft_ms,428.5767
sparse,trial_10,all,full_gen_time_ms,1943.2934
sparse,trial_10,metrics-generated,recall@1,0.07
sparse,trial_10,metrics-generated,precision@1,0.1
sparse,trial_10,metrics-generated,mrr@1,0.1
sparse,trial_10,metrics-generated,recall@2,0.15
sparse,trial_10,metrics-generated,precision@2,0.11
sparse,trial_10,metrics-generated,mrr@2,0.14
sparse,trial_10,metrics-generated,recall@3,0.22
sparse,trial_10,metrics-generated,precision@3,0.1
sparse,trial_10,metrics-generated,mrr@3,0.1667
sparse,trial_10,metrics-generated,query_tokenize_time_ms,0.1399
sparse,trial_10,metrics-generated,score_time_ms,0.2072
sparse,trial_10,metrics-generated,retrieval_time_ms,0.3471
sparse,trial_10,metrics-generated,score_to_first_token_ms,457.5187
sparse,trial_10,metrics-generated,prompt_prep_time_ms,0.6694
sparse,trial_10,metrics-generated,full_ttft_ms,457.8659
sparse,trial_10,metrics-generated,full_gen_time_ms,1760.2286
sparse,trial_10,domain-relevant,recall@1,0.27
sparse,trial_10,domain-relevant,precision@1,0.3
sparse,trial_10,domain-relevant,mrr@1,0.3
sparse,trial_10,domain-relevant,recall@2,0.3467
sparse,trial_10,domain-relevant,precision@2,0.21
sparse,trial_10,domain-relevant,mrr@2,0.35
sparse,trial_10,domain-relevant,recall@3,0.4267
sparse,trial_10,domain-relevant,precision@3,0.1733
sparse,trial_10,domain-relevant,mrr@3,0.37
sparse,trial_10,domain-relevant,query_tokenize_time_ms,0.1165
sparse,trial_10,domain-relevant,score_time_ms,0.111
sparse,trial_10,domain-relevant,retrieval_time_ms,0.2274
sparse,trial_10,domain-relevant,score_to_first_token_ms,382.3917
sparse,trial_10,domain-relevant,prompt_prep_time_ms,0.5939
sparse,trial_10,domain-relevant,full_ttft_ms,382.6191
sparse,trial_10,domain-relevant,full_gen_time_ms,2010.0723
sparse,trial_10,novel-generated,recall@1,0.42
sparse,trial_10,novel-generated,precision@1,0.44
sparse,trial_10,novel-generated,mrr@1,0.44
sparse,trial_10,novel-generated,recall@2,0.52
sparse,trial_10,novel-generated,precision@2,0.28
sparse,trial_10,novel-generated,mrr@2,0.49
sparse,trial_10,novel-generated,recall@3,0.6
sparse,trial_10,novel-generated,precision@3,0.2133
sparse,trial_10,novel-generated,mrr@3,0.5167
sparse,trial_10,novel-generated,query_tokenize_time_ms,0.2393
sparse,trial_10,novel-generated,score_time_ms,0.2003
sparse,trial_10,novel-generated,retrieval_time_ms,0.4397
sparse,trial_10,novel-generated,score_to_first_token_ms,444.8054
sparse,trial_10,novel-generated,prompt_prep_time_ms,0.6299
sparse,trial_10,novel-generated,full_ttft_ms,445.2451
sparse,trial_10,novel-generated,full_gen_time_ms,2059.5792
dense,trial_01,all,recall@1,0.3
dense,trial_01,all,precision@1,0.3333
dense,trial_01,all,mrr@1,0.3333
dense,trial_01,all,recall@2,0.4667
dense,trial_01,all,precision@2,0.2633
dense,trial_01,all,mrr@2,0.42
dense,trial_01,all,recall@3,0.54
dense,trial_01,all,precision@3,0.2111
dense,trial_01,all,mrr@3,0.4467
dense,trial_01,all,query_embed_time_ms,4.26
dense,trial_01,all,search_time_ms,0.0999
dense,trial_01,all,retrieval_time_ms,4.3599
dense,trial_01,all,search_to_first_token_ms,572.5149
dense,trial_01,all,prompt_prep_time_ms,0.707
dense,trial_01,all,full_ttft_ms,576.8748
dense,trial_01,all,full_gen_time_ms,2090.8084
dense,trial_01,metrics-generated,recall@1,0.29
dense,trial_01,metrics-generated,precision@1,0.38
dense,trial_01,metrics-generated,mrr@1,0.38
dense,trial_01,metrics-generated,recall@2,0.46
dense,trial_01,metrics-generated,precision@2,0.31
dense,trial_01,metrics-generated,mrr@2,0.48
dense,trial_01,metrics-generated,recall@3,0.61
dense,trial_01,metrics-generated,precision@3,0.28
dense,trial_01,metrics-generated,mrr@3,0.5267
dense,trial_01,metrics-generated,query_embed_time_ms,5.1171
dense,trial_01,metrics-generated,search_time_ms,0.2422
dense,trial_01,metrics-generated,retrieval_time_ms,5.3593
dense,trial_01,metrics-generated,search_to_first_token_ms,627.6765
dense,trial_01,metrics-generated,prompt_prep_time_ms,0.7552
dense,trial_01,metrics-generated,full_ttft_ms,633.0358
dense,trial_01,metrics-generated,full_gen_time_ms,1793.922
dense,trial_01,domain-relevant,recall@1,0.27
dense,trial_01,domain-relevant,precision@1,0.28
dense,trial_01,domain-relevant,mrr@1,0.28
dense,trial_01,domain-relevant,recall@2,0.4
dense,trial_01,domain-relevant,precision@2,0.21
dense,trial_01,domain-relevant,mrr@2,0.34
dense,trial_01,domain-relevant,recall@3,0.43
dense,trial_01,domain-relevant,precision@3,0.1533
dense,trial_01,domain-relevant,mrr@3,0.3533
dense,trial_01,domain-relevant,query_embed_time_ms,3.9029
dense,trial_01,domain-relevant,search_time_ms,0.0282
dense,trial_01,domain-relevant,retrieval_time_ms,3.9311
dense,trial_01,domain-relevant,search_to_first_token_ms,517.4018
dense,trial_01,domain-relevant,prompt_prep_time_ms,0.669
dense,trial_01,domain-relevant,full_ttft_ms,521.3329
dense,trial_01,domain-relevant,full_gen_time_ms,2368.3461
dense,trial_01,novel-generated,recall@1,0.34
dense,trial_01,novel-generated,precision@1,0.34
dense,trial_01,novel-generated,mrr@1,0.34
dense,trial_01,novel-generated,recall@2,0.54
dense,trial_01,novel-generated,precision@2,0.27
dense,trial_01,novel-generated,mrr@2,0.44
dense,trial_01,novel-generated,recall@3,0.58
dense,trial_01,novel-generated,precision@3,0.2
dense,trial_01,novel-generated,mrr@3,0.46
dense,trial_01,novel-generated,query_embed_time_ms,3.7601
dense,trial_01,novel-generated,search_time_ms,0.0292
dense,trial_01,novel-generated,retrieval_time_ms,3.7893
dense,trial_01,novel-generated,search_to_first_token_ms,572.4664
dense,trial_01,novel-generated,prompt_prep_time_ms,0.6968
dense,trial_01,novel-generated,full_ttft_ms,576.2557
dense,trial_01,novel-generated,full_gen_time_ms,2110.157
dense,trial_02,all,recall@1,0.3
dense,trial_02,all,precision@1,0.3333
dense,trial_02,all,mrr@1,0.3333
dense,trial_02,all,recall@2,0.4667
dense,trial_02,all,precision@2,0.2633
dense,trial_02,all,mrr@2,0.42
dense,trial_02,all,recall@3,0.54
dense,trial_02,all,precision@3,0.2111
dense,trial_02,all,mrr@3,0.4467
dense,trial_02,all,query_embed_time_ms,5.2643
dense,trial_02,all,search_time_ms,0.0924
dense,trial_02,all,retrieval_time_ms,5.3568
dense,trial_02,all,search_to_first_token_ms,597.4472
dense,trial_02,all,prompt_prep_time_ms,0.7423
dense,trial_02,all,full_ttft_ms,602.804
dense,trial_02,all,full_gen_time_ms,2233.78
dense,trial_02,metrics-generated,recall@1,0.29
dense,trial_02,metrics-generated,precision@1,0.38
dense,trial_02,metrics-generated,mrr@1,0.38
dense,trial_02,metrics-generated,recall@2,0.46
dense,trial_02,metrics-generated,precision@2,0.31
dense,trial_02,metrics-generated,mrr@2,0.48
dense,trial_02,metrics-generated,recall@3,0.61
dense,trial_02,metrics-generated,precision@3,0.28
dense,trial_02,metrics-generated,mrr@3,0.5267
dense,trial_02,metrics-generated,query_embed_time_ms,5.4904
dense,trial_02,metrics-generated,search_time_ms,0.0896
dense,trial_02,metrics-generated,retrieval_time_ms,5.58
dense,trial_02,metrics-generated,search_to_first_token_ms,664.391
dense,trial_02,metrics-generated,prompt_prep_time_ms,0.7757
dense,trial_02,metrics-generated,full_ttft_ms,669.971
dense,trial_02,metrics-generated,full_gen_time_ms,1958.8536
dense,trial_02,domain-relevant,recall@1,0.27
dense,trial_02,domain-relevant,precision@1,0.28
dense,trial_02,domain-relevant,mrr@1,0.28
dense,trial_02,domain-relevant,recall@2,0.4
dense,trial_02,domain-relevant,precision@2,0.21
dense,trial_02,domain-relevant,mrr@2,0.34
dense,trial_02,domain-relevant,recall@3,0.43
dense,trial_02,domain-relevant,precision@3,0.1533
dense,trial_02,domain-relevant,mrr@3,0.3533
dense,trial_02,domain-relevant,query_embed_time_ms,5.626
dense,trial_02,domain-relevant,search_time_ms,0.1177
dense,trial_02,domain-relevant,retrieval_time_ms,5.7437
dense,trial_02,domain-relevant,search_to_first_token_ms,534.5296
dense,trial_02,domain-relevant,prompt_prep_time_ms,0.7386
dense,trial_02,domain-relevant,full_ttft_ms,540.2732
dense,trial_02,domain-relevant,full_gen_time_ms,2542.5325
dense,trial_02,novel-generated,recall@1,0.34
dense,trial_02,novel-generated,precision@1,0.34
dense,trial_02,novel-generated,mrr@1,0.34
dense,trial_02,novel-generated,recall@2,0.54
dense,trial_02,novel-generated,precision@2,0.27
dense,trial_02,novel-generated,mrr@2,0.44
dense,trial_02,novel-generated,recall@3,0.58
dense,trial_02,novel-generated,precision@3,0.2
dense,trial_02,novel-generated,mrr@3,0.46
dense,trial_02,novel-generated,query_embed_time_ms,4.6767
dense,trial_02,novel-generated,search_time_ms,0.07
dense,trial_02,novel-generated,retrieval_time_ms,4.7467
dense,trial_02,novel-generated,search_to_first_token_ms,593.4212
dense,trial_02,novel-generated,prompt_prep_time_ms,0.7127
dense,trial_02,novel-generated,full_ttft_ms,598.1679
dense,trial_02,novel-generated,full_gen_time_ms,2199.9538
dense,trial_03,all,recall@1,0.3
dense,trial_03,all,precision@1,0.3333
dense,trial_03,all,mrr@1,0.3333
dense,trial_03,all,recall@2,0.4667
dense,trial_03,all,precision@2,0.2633
dense,trial_03,all,mrr@2,0.42
dense,trial_03,all,recall@3,0.54
dense,trial_03,all,precision@3,0.2111
dense,trial_03,all,mrr@3,0.4467
dense,trial_03,all,query_embed_time_ms,5.1103
dense,trial_03,all,search_time_ms,0.0941
dense,trial_03,all,retrieval_time_ms,5.2045
dense,trial_03,all,search_to_first_token_ms,595.2013
dense,trial_03,all,prompt_prep_time_ms,0.761
dense,trial_03,all,full_ttft_ms,600.4057
dense,trial_03,all,full_gen_time_ms,2231.9033
dense,trial_03,metrics-generated,recall@1,0.29
dense,trial_03,metrics-generated,precision@1,0.38
dense,trial_03,metrics-generated,mrr@1,0.38
dense,trial_03,metrics-generated,recall@2,0.46
dense,trial_03,metrics-generated,precision@2,0.31
dense,trial_03,metrics-generated,mrr@2,0.48
dense,trial_03,metrics-generated,recall@3,0.61
dense,trial_03,metrics-generated,precision@3,0.28
dense,trial_03,metrics-generated,mrr@3,0.5267
dense,trial_03,metrics-generated,query_embed_time_ms,5.3706
dense,trial_03,metrics-generated,search_time_ms,0.1065
dense,trial_03,metrics-generated,retrieval_time_ms,5.4771
dense,trial_03,metrics-generated,search_to_first_token_ms,667.3151
dense,trial_03,metrics-generated,prompt_prep_time_ms,0.8287
dense,trial_03,metrics-generated,full_ttft_ms,672.7922
dense,trial_03,metrics-generated,full_gen_time_ms,1943.6512
dense,trial_03,domain-relevant,recall@1,0.27
dense,trial_03,domain-relevant,precision@1,0.28
dense,trial_03,domain-relevant,mrr@1,0.28
dense,trial_03,domain-relevant,recall@2,0.4
dense,trial_03,domain-relevant,precision@2,0.21
dense,trial_03,domain-relevant,mrr@2,0.34
dense,trial_03,domain-relevant,recall@3,0.43
dense,trial_03,domain-relevant,precision@3,0.1533
dense,trial_03,domain-relevant,mrr@3,0.3533
dense,trial_03,domain-relevant,query_embed_time_ms,4.4919
dense,trial_03,domain-relevant,search_time_ms,0.0416
dense,trial_03,domain-relevant,retrieval_time_ms,4.5334
dense,trial_03,domain-relevant,search_to_first_token_ms,514.0993
dense,trial_03,domain-relevant,prompt_prep_time_ms,0.7179
dense,trial_03,domain-relevant,full_ttft_ms,518.6328
dense,trial_03,domain-relevant,full_gen_time_ms,2414.5143
dense,trial_03,novel-generated,recall@1,0.34
dense,trial_03,novel-generated,precision@1,0.34
dense,trial_03,novel-generated,mrr@1,0.34
dense,trial_03,novel-generated,recall@2,0.54
dense,trial_03,novel-generated,precision@2,0.27
dense,trial_03,novel-generated,mrr@2,0.44
dense,trial_03,novel-generated,recall@3,0.58
dense,trial_03,novel-generated,precision@3,0.2
dense,trial_03,novel-generated,mrr@3,0.46
dense,trial_03,novel-generated,query_embed_time_ms,5.4685
dense,trial_03,novel-generated,search_time_ms,0.1344
dense,trial_03,novel-generated,retrieval_time_ms,5.6029
dense,trial_03,novel-generated,search_to_first_token_ms,604.1894
dense,trial_03,novel-generated,prompt_prep_time_ms,0.7365
dense,trial_03,novel-generated,full_ttft_ms,609.7923
dense,trial_03,novel-generated,full_gen_time_ms,2337.5443
dense,trial_04,all,recall@1,0.3
dense,trial_04,all,precision@1,0.3333
dense,trial_04,all,mrr@1,0.3333
dense,trial_04,all,recall@2,0.4667
dense,trial_04,all,precision@2,0.2633
dense,trial_04,all,mrr@2,0.42
dense,trial_04,all,recall@3,0.54
dense,trial_04,all,precision@3,0.2111
dense,trial_04,all,mrr@3,0.4467
dense,trial_04,all,query_embed_time_ms,4.6756
dense,trial_04,all,search_time_ms,0.0757
dense,trial_04,all,retrieval_time_ms,4.7512
dense,trial_04,all,search_to_first_token_ms,587.9409
dense,trial_04,all,prompt_prep_time_ms,0.7338
dense,trial_04,all,full_ttft_ms,592.6921
dense,trial_04,all,full_gen_time_ms,2240.5453
dense,trial_04,metrics-generated,recall@1,0.29
dense,trial_04,metrics-generated,precision@1,0.38
dense,trial_04,metrics-generated,mrr@1,0.38
dense,trial_04,metrics-generated,recall@2,0.46
dense,trial_04,metrics-generated,precision@2,0.31
dense,trial_04,metrics-generated,mrr@2,0.48
dense,trial_04,metrics-generated,recall@3,0.61
dense,trial_04,metrics-generated,precision@3,0.28
dense,trial_04,metrics-generated,mrr@3,0.5267
dense,trial_04,metrics-generated,query_embed_time_ms,5.3406
dense,trial_04,metrics-generated,search_time_ms,0.1353
dense,trial_04,metrics-generated,retrieval_time_ms,5.4759
dense,trial_04,metrics-generated,search_to_first_token_ms,646.8264
dense,trial_04,metrics-generated,prompt_prep_time_ms,0.7802
dense,trial_04,metrics-generated,full_ttft_ms,652.3023
dense,trial_04,metrics-generated,full_gen_time_ms,1894.1812
dense,trial_04,domain-relevant,recall@1,0.27
dense,trial_04,domain-relevant,precision@1,0.28
dense,trial_04,domain-relevant,mrr@1,0.28
dense,trial_04,domain-relevant,recall@2,0.4
dense,trial_04,domain-relevant,precision@2,0.21
dense,trial_04,domain-relevant,mrr@2,0.34
dense,trial_04,domain-relevant,recall@3,0.43
dense,trial_04,domain-relevant,precision@3,0.1533
dense,trial_04,domain-relevant,mrr@3,0.3533
dense,trial_04,domain-relevant,query_embed_time_ms,4.4401
dense,trial_04,domain-relevant,search_time_ms,0.0455
dense,trial_04,domain-relevant,retrieval_time_ms,4.4856
dense,trial_04,domain-relevant,search_to_first_token_ms,539.903
dense,trial_04,domain-relevant,prompt_prep_time_ms,0.7131
dense,trial_04,domain-relevant,full_ttft_ms,544.3885
dense,trial_04,domain-relevant,full_gen_time_ms,2524.2785
dense,trial_04,novel-generated,recall@1,0.34
dense,trial_04,novel-generated,precision@1,0.34
dense,trial_04,novel-generated,mrr@1,0.34
dense,trial_04,novel-generated,recall@2,0.54
dense,trial_04,novel-generated,precision@2,0.27
dense,trial_04,novel-generated,mrr@2,0.44
dense,trial_04,novel-generated,recall@3,0.58
dense,trial_04,novel-generated,precision@3,0.2
dense,trial_04,novel-generated,mrr@3,0.46
dense,trial_04,novel-generated,query_embed_time_ms,4.2461
dense,trial_04,novel-generated,search_time_ms,0.0462
dense,trial_04,novel-generated,retrieval_time_ms,4.2923
dense,trial_04,novel-generated,search_to_first_token_ms,577.0933
dense,trial_04,novel-generated,prompt_prep_time_ms,0.708
dense,trial_04,novel-generated,full_ttft_ms,581.3856
dense,trial_04,novel-generated,full_gen_time_ms,2303.1761
dense,trial_05,all,recall@1,0.3
dense,trial_05,all,precision@1,0.3333
dense,trial_05,all,mrr@1,0.3333
dense,trial_05,all,recall@2,0.4667
dense,trial_05,all,precision@2,0.2633
dense,trial_05,all,mrr@2,0.42
dense,trial_05,all,recall@3,0.54
dense,trial_05,all,precision@3,0.2111
dense,trial_05,all,mrr@3,0.4467
dense,trial_05,all,query_embed_time_ms,4.9311
dense,trial_05,all,search_time_ms,0.0702
dense,trial_05,all,retrieval_time_ms,5.0013
dense,trial_05,all,search_to_first_token_ms,597.9591
dense,trial_05,all,prompt_prep_time_ms,0.7463
dense,trial_05,all,full_ttft_ms,602.9604
dense,trial_05,all,full_gen_time_ms,2257.5872
dense,trial_05,metrics-generated,recall@1,0.29
dense,trial_05,metrics-generated,precision@1,0.38
dense,trial_05,metrics-generated,mrr@1,0.38
dense,trial_05,metrics-generated,recall@2,0.46
dense,trial_05,metrics-generated,precision@2,0.31
dense,trial_05,metrics-generated,mrr@2,0.48
dense,trial_05,metrics-generated,recall@3,0.61
dense,trial_05,metrics-generated,precision@3,0.28
dense,trial_05,metrics-generated,mrr@3,0.5267
dense,trial_05,metrics-generated,query_embed_time_ms,5.7782
dense,trial_05,metrics-generated,search_time_ms,0.1079
dense,trial_05,metrics-generated,retrieval_time_ms,5.8861
dense,trial_05,metrics-generated,search_to_first_token_ms,655.4646
dense,trial_05,metrics-generated,prompt_prep_time_ms,0.8028
dense,trial_05,metrics-generated,full_ttft_ms,661.3507
dense,trial_05,metrics-generated,full_gen_time_ms,1961.2326
dense,trial_05,domain-relevant,recall@1,0.27
dense,trial_05,domain-relevant,precision@1,0.28
dense,trial_05,domain-relevant,mrr@1,0.28
dense,trial_05,domain-relevant,recall@2,0.4
dense,trial_05,domain-relevant,precision@2,0.21
dense,trial_05,domain-relevant,mrr@2,0.34
dense,trial_05,domain-relevant,recall@3,0.43
dense,trial_05,domain-relevant,precision@3,0.1533
dense,trial_05,domain-relevant,mrr@3,0.3533
dense,trial_05,domain-relevant,query_embed_time_ms,4.7797
dense,trial_05,domain-relevant,search_time_ms,0.0645
dense,trial_05,domain-relevant,retrieval_time_ms,4.8442
dense,trial_05,domain-relevant,search_to_first_token_ms,554.3773
dense,trial_05,domain-relevant,prompt_prep_time_ms,0.7112
dense,trial_05,domain-relevant,full_ttft_ms,559.2215
dense,trial_05,domain-relevant,full_gen_time_ms,2571.0534
dense,trial_05,novel-generated,recall@1,0.34
dense,trial_05,novel-generated,precision@1,0.34
dense,trial_05,novel-generated,mrr@1,0.34
dense,trial_05,novel-generated,recall@2,0.54
dense,trial_05,novel-generated,precision@2,0.27
dense,trial_05,novel-generated,mrr@2,0.44
dense,trial_05,novel-generated,recall@3,0.58
dense,trial_05,novel-generated,precision@3,0.2
dense,trial_05,novel-generated,mrr@3,0.46
dense,trial_05,novel-generated,query_embed_time_ms,4.2353
dense,trial_05,novel-generated,search_time_ms,0.0381
dense,trial_05,novel-generated,retrieval_time_ms,4.2735
dense,trial_05,novel-generated,search_to_first_token_ms,584.0355
dense,trial_05,novel-generated,prompt_prep_time_ms,0.725
dense,trial_05,novel-generated,full_ttft_ms,588.309
dense,trial_05,novel-generated,full_gen_time_ms,2240.4755
dense,trial_06,all,recall@1,0.3
dense,trial_06,all,precision@1,0.3333
dense,trial_06,all,mrr@1,0.3333
dense,trial_06,all,recall@2,0.4667
dense,trial_06,all,precision@2,0.2633
dense,trial_06,all,mrr@2,0.42
dense,trial_06,all,recall@3,0.54
dense,trial_06,all,precision@3,0.2111
dense,trial_06,all,mrr@3,0.4467
dense,trial_06,all,query_embed_time_ms,4.7507
dense,trial_06,all,search_time_ms,0.0695
dense,trial_06,all,retrieval_time_ms,4.8202
dense,trial_06,all,search_to_first_token_ms,588.1322
dense,trial_06,all,prompt_prep_time_ms,0.736
dense,trial_06,all,full_ttft_ms,592.9523
dense,trial_06,all,full_gen_time_ms,2214.7728
dense,trial_06,metrics-generated,recall@1,0.29
dense,trial_06,metrics-generated,precision@1,0.38
dense,trial_06,metrics-generated,mrr@1,0.38
dense,trial_06,metrics-generated,recall@2,0.46
dense,trial_06,metrics-generated,precision@2,0.31
dense,trial_06,metrics-generated,mrr@2,0.48
dense,trial_06,metrics-generated,recall@3,0.61
dense,trial_06,metrics-generated,precision@3,0.28
dense,trial_06,metrics-generated,mrr@3,0.5267
dense,trial_06,metrics-generated,query_embed_time_ms,5.5391
dense,trial_06,metrics-generated,search_time_ms,0.1416
dense,trial_06,metrics-generated,retrieval_time_ms,5.6807
dense,trial_06,metrics-generated,search_to_first_token_ms,648.5309
dense,trial_06,metrics-generated,prompt_prep_time_ms,0.7712
dense,trial_06,metrics-generated,full_ttft_ms,654.2116
dense,trial_06,metrics-generated,full_gen_time_ms,1903.2092
dense,trial_06,domain-relevant,recall@1,0.27
dense,trial_06,domain-relevant,precision@1,0.28
dense,trial_06,domain-relevant,mrr@1,0.28
dense,trial_06,domain-relevant,recall@2,0.4
dense,trial_06,domain-relevant,precision@2,0.21
dense,trial_06,domain-relevant,mrr@2,0.34
dense,trial_06,domain-relevant,recall@3,0.43
dense,trial_06,domain-relevant,precision@3,0.1533
dense,trial_06,domain-relevant,mrr@3,0.3533
dense,trial_06,domain-relevant,query_embed_time_ms,4.5592
dense,trial_06,domain-relevant,search_time_ms,0.0371
dense,trial_06,domain-relevant,retrieval_time_ms,4.5963
dense,trial_06,domain-relevant,search_to_first_token_ms,532.5374
dense,trial_06,domain-relevant,prompt_prep_time_ms,0.707
dense,trial_06,domain-relevant,full_ttft_ms,537.1337
dense,trial_06,domain-relevant,full_gen_time_ms,2505.3655
dense,trial_06,novel-generated,recall@1,0.34
dense,trial_06,novel-generated,precision@1,0.34
dense,trial_06,novel-generated,mrr@1,0.34
dense,trial_06,novel-generated,recall@2,0.54
dense,trial_06,novel-generated,precision@2,0.27
dense,trial_06,novel-generated,mrr@2,0.44
dense,trial_06,novel-generated,recall@3,0.58
dense,trial_06,novel-generated,precision@3,0.2
dense,trial_06,novel-generated,mrr@3,0.46
dense,trial_06,novel-generated,query_embed_time_ms,4.1538
dense,trial_06,novel-generated,search_time_ms,0.0297
dense,trial_06,novel-generated,retrieval_time_ms,4.1835
dense,trial_06,novel-generated,search_to_first_token_ms,583.3282
dense,trial_06,novel-generated,prompt_prep_time_ms,0.7297
dense,trial_06,novel-generated,full_ttft_ms,587.5118
dense,trial_06,novel-generated,full_gen_time_ms,2235.7437
dense,trial_07,all,recall@1,0.3
dense,trial_07,all,precision@1,0.3333
dense,trial_07,all,mrr@1,0.3333
dense,trial_07,all,recall@2,0.4667
dense,trial_07,all,precision@2,0.2633
dense,trial_07,all,mrr@2,0.42
dense,trial_07,all,recall@3,0.54
dense,trial_07,all,precision@3,0.2111
dense,trial_07,all,mrr@3,0.4467
dense,trial_07,all,query_embed_time_ms,5.0467
dense,trial_07,all,search_time_ms,0.0781
dense,trial_07,all,retrieval_time_ms,5.1248
dense,trial_07,all,search_to_first_token_ms,593.3149
dense,trial_07,all,prompt_prep_time_ms,0.7651
dense,trial_07,all,full_ttft_ms,598.4397
dense,trial_07,all,full_gen_time_ms,2284.6592
dense,trial_07,metrics-generated,recall@1,0.29
dense,trial_07,metrics-generated,precision@1,0.38
dense,trial_07,metrics-generated,mrr@1,0.38
dense,trial_07,metrics-generated,recall@2,0.46
dense,trial_07,metrics-generated,precision@2,0.31
dense,trial_07,metrics-generated,mrr@2,0.48
dense,trial_07,metrics-generated,recall@3,0.61
dense,trial_07,metrics-generated,precision@3,0.28
dense,trial_07,metrics-generated,mrr@3,0.5267
dense,trial_07,metrics-generated,query_embed_time_ms,5.6805
dense,trial_07,metrics-generated,search_time_ms,0.1076
dense,trial_07,metrics-generated,retrieval_time_ms,5.7881
dense,trial_07,metrics-generated,search_to_first_token_ms,657.4123
dense,trial_07,metrics-generated,prompt_prep_time_ms,0.8302
dense,trial_07,metrics-generated,full_ttft_ms,663.2004
dense,trial_07,metrics-generated,full_gen_time_ms,1980.6517
dense,trial_07,domain-relevant,recall@1,0.27
dense,trial_07,domain-relevant,precision@1,0.28
dense,trial_07,domain-relevant,mrr@1,0.28
dense,trial_07,domain-relevant,recall@2,0.4
dense,trial_07,domain-relevant,precision@2,0.21
dense,trial_07,domain-relevant,mrr@2,0.34
dense,trial_07,domain-relevant,recall@3,0.43
dense,trial_07,domain-relevant,precision@3,0.1533
dense,trial_07,domain-relevant,mrr@3,0.3533
dense,trial_07,domain-relevant,query_embed_time_ms,4.5671
dense,trial_07,domain-relevant,search_time_ms,0.055
dense,trial_07,domain-relevant,retrieval_time_ms,4.6221
dense,trial_07,domain-relevant,search_to_first_token_ms,518.324
dense,trial_07,domain-relevant,prompt_prep_time_ms,0.7134
dense,trial_07,domain-relevant,full_ttft_ms,522.9461
dense,trial_07,domain-relevant,full_gen_time_ms,2521.025
dense,trial_07,novel-generated,recall@1,0.34
dense,trial_07,novel-generated,precision@1,0.34
dense,trial_07,novel-generated,mrr@1,0.34
dense,trial_07,novel-generated,recall@2,0.54
dense,trial_07,novel-generated,precision@2,0.27
dense,trial_07,novel-generated,mrr@2,0.44
dense,trial_07,novel-generated,recall@3,0.58
dense,trial_07,novel-generated,precision@3,0.2
dense,trial_07,novel-generated,mrr@3,0.46
dense,trial_07,novel-generated,query_embed_time_ms,4.8926
dense,trial_07,novel-generated,search_time_ms,0.0716
dense,trial_07,novel-generated,retrieval_time_ms,4.9642
dense,trial_07,novel-generated,search_to_first_token_ms,604.2083
dense,trial_07,novel-generated,prompt_prep_time_ms,0.7516
dense,trial_07,novel-generated,full_ttft_ms,609.1725
dense,trial_07,novel-generated,full_gen_time_ms,2352.3009
dense,trial_08,all,recall@1,0.3
dense,trial_08,all,precision@1,0.3333
dense,trial_08,all,mrr@1,0.3333
dense,trial_08,all,recall@2,0.4667
dense,trial_08,all,precision@2,0.2633
dense,trial_08,all,mrr@2,0.42
dense,trial_08,all,recall@3,0.54
dense,trial_08,all,precision@3,0.2111
dense,trial_08,all,mrr@3,0.4467
dense,trial_08,all,query_embed_time_ms,4.4109
dense,trial_08,all,search_time_ms,0.0453
dense,trial_08,all,retrieval_time_ms,4.4561
dense,trial_08,all,search_to_first_token_ms,575.7868
dense,trial_08,all,prompt_prep_time_ms,0.7176
dense,trial_08,all,full_ttft_ms,580.243
dense,trial_08,all,full_gen_time_ms,2139.1685
dense,trial_08,metrics-generated,recall@1,0.29
dense,trial_08,metrics-generated,precision@1,0.38
dense,trial_08,metrics-generated,mrr@1,0.38
dense,trial_08,metrics-generated,recall@2,0.46
dense,trial_08,metrics-generated,precision@2,0.31
dense,trial_08,metrics-generated,mrr@2,0.48
dense,trial_08,metrics-generated,recall@3,0.61
dense,trial_08,metrics-generated,precision@3,0.28
dense,trial_08,metrics-generated,mrr@3,0.5267
dense,trial_08,metrics-generated,query_embed_time_ms,5.0784
dense,trial_08,metrics-generated,search_time_ms,0.0665
dense,trial_08,metrics-generated,retrieval_time_ms,5.1449
dense,trial_08,metrics-generated,search_to_first_token_ms,652.3266
dense,trial_08,metrics-generated,prompt_prep_time_ms,0.7523
dense,trial_08,metrics-generated,full_ttft_ms,657.4715
dense,trial_08,metrics-generated,full_gen_time_ms,1867.5871
dense,trial_08,domain-relevant,recall@1,0.27
dense,trial_08,domain-relevant,precision@1,0.28
dense,trial_08,domain-relevant,mrr@1,0.28
dense,trial_08,domain-relevant,recall@2,0.4
dense,trial_08,domain-relevant,precision@2,0.21
dense,trial_08,domain-relevant,mrr@2,0.34
dense,trial_08,domain-relevant,recall@3,0.43
dense,trial_08,domain-relevant,precision@3,0.1533
dense,trial_08,domain-relevant,mrr@3,0.3533
dense,trial_08,domain-relevant,query_embed_time_ms,4.2424
dense,trial_08,domain-relevant,search_time_ms,0.0408
dense,trial_08,domain-relevant,retrieval_time_ms,4.2832
dense,trial_08,domain-relevant,search_to_first_token_ms,518.2038
dense,trial_08,domain-relevant,prompt_prep_time_ms,0.692
dense,trial_08,domain-relevant,full_ttft_ms,522.487
dense,trial_08,domain-relevant,full_gen_time_ms,2423.9006
dense,trial_08,novel-generated,recall@1,0.34
dense,trial_08,novel-generated,precision@1,0.34
dense,trial_08,novel-generated,mrr@1,0.34
dense,trial_08,novel-generated,recall@2,0.54
dense,trial_08,novel-generated,precision@2,0.27
dense,trial_08,novel-generated,mrr@2,0.44
dense,trial_08,novel-generated,recall@3,0.58
dense,trial_08,novel-generated,precision@3,0.2
dense,trial_08,novel-generated,mrr@3,0.46
dense,trial_08,novel-generated,query_embed_time_ms,3.9118
dense,trial_08,novel-generated,search_time_ms,0.0285
dense,trial_08,novel-generated,retrieval_time_ms,3.9403
dense,trial_08,novel-generated,search_to_first_token_ms,556.8301
dense,trial_08,novel-generated,prompt_prep_time_ms,0.7084
dense,trial_08,novel-generated,full_ttft_ms,560.7704
dense,trial_08,novel-generated,full_gen_time_ms,2126.0179
dense,trial_09,all,recall@1,0.3
dense,trial_09,all,precision@1,0.3333
dense,trial_09,all,mrr@1,0.3333
dense,trial_09,all,recall@2,0.4667
dense,trial_09,all,precision@2,0.2633
dense,trial_09,all,mrr@2,0.42
dense,trial_09,all,recall@3,0.54
dense,trial_09,all,precision@3,0.2111
dense,trial_09,all,mrr@3,0.4467
dense,trial_09,all,query_embed_time_ms,4.527
dense,trial_09,all,search_time_ms,0.0653
dense,trial_09,all,retrieval_time_ms,4.5923
dense,trial_09,all,search_to_first_token_ms,561.5357
dense,trial_09,all,prompt_prep_time_ms,0.7214
dense,trial_09,all,full_ttft_ms,566.1281
dense,trial_09,all,full_gen_time_ms,2114.4966
dense,trial_09,metrics-generated,recall@1,0.29
dense,trial_09,metrics-generated,precision@1,0.38
dense,trial_09,metrics-generated,mrr@1,0.38
dense,trial_09,metrics-generated,recall@2,0.46
dense,trial_09,metrics-generated,precision@2,0.31
dense,trial_09,metrics-generated,mrr@2,0.48
dense,trial_09,metrics-generated,recall@3,0.61
dense,trial_09,metrics-generated,precision@3,0.28
dense,trial_09,metrics-generated,mrr@3,0.5267
dense,trial_09,metrics-generated,query_embed_time_ms,5.2503
dense,trial_09,metrics-generated,search_time_ms,0.0992
dense,trial_09,metrics-generated,retrieval_time_ms,5.3495
dense,trial_09,metrics-generated,search_to_first_token_ms,634.6653
dense,trial_09,metrics-generated,prompt_prep_time_ms,0.7604
dense,trial_09,metrics-generated,full_ttft_ms,640.0148
dense,trial_09,metrics-generated,full_gen_time_ms,1847.1944
dense,trial_09,domain-relevant,recall@1,0.27
dense,trial_09,domain-relevant,precision@1,0.28
dense,trial_09,domain-relevant,mrr@1,0.28
dense,trial_09,domain-relevant,recall@2,0.4
dense,trial_09,domain-relevant,precision@2,0.21
dense,trial_09,domain-relevant,mrr@2,0.34
dense,trial_09,domain-relevant,recall@3,0.43
dense,trial_09,domain-relevant,precision@3,0.1533
dense,trial_09,domain-relevant,mrr@3,0.3533
dense,trial_09,domain-relevant,query_embed_time_ms,4.0453
dense,trial_09,domain-relevant,search_time_ms,0.0289
dense,trial_09,domain-relevant,retrieval_time_ms,4.0742
dense,trial_09,domain-relevant,search_to_first_token_ms,493.9007
dense,trial_09,domain-relevant,prompt_prep_time_ms,0.676
dense,trial_09,domain-relevant,full_ttft_ms,497.9749
dense,trial_09,domain-relevant,full_gen_time_ms,2376.0384
dense,trial_09,novel-generated,recall@1,0.34
dense,trial_09,novel-generated,precision@1,0.34
dense,trial_09,novel-generated,mrr@1,0.34
dense,trial_09,novel-generated,recall@2,0.54
dense,trial_09,novel-generated,precision@2,0.27
dense,trial_09,novel-generated,mrr@2,0.44
dense,trial_09,novel-generated,recall@3,0.58
dense,trial_09,novel-generated,precision@3,0.2
dense,trial_09,novel-generated,mrr@3,0.46
dense,trial_09,novel-generated,query_embed_time_ms,4.2853
dense,trial_09,novel-generated,search_time_ms,0.068
dense,trial_09,novel-generated,retrieval_time_ms,4.3533
dense,trial_09,novel-generated,search_to_first_token_ms,556.0413
dense,trial_09,novel-generated,prompt_prep_time_ms,0.7277
dense,trial_09,novel-generated,full_ttft_ms,560.3946
dense,trial_09,novel-generated,full_gen_time_ms,2120.2571
dense,trial_10,all,recall@1,0.3
dense,trial_10,all,precision@1,0.3333
dense,trial_10,all,mrr@1,0.3333
dense,trial_10,all,recall@2,0.4667
dense,trial_10,all,precision@2,0.2633
dense,trial_10,all,mrr@2,0.42
dense,trial_10,all,recall@3,0.54
dense,trial_10,all,precision@3,0.2111
dense,trial_10,all,mrr@3,0.4467
dense,trial_10,all,query_embed_time_ms,4.5974
dense,trial_10,all,search_time_ms,0.0892
dense,trial_10,all,retrieval_time_ms,4.6866
dense,trial_10,all,search_to_first_token_ms,583.514
dense,trial_10,all,prompt_prep_time_ms,0.7348
dense,trial_10,all,full_ttft_ms,588.2006
dense,trial_10,all,full_gen_time_ms,2181.6222
dense,trial_10,metrics-generated,recall@1,0.29
dense,trial_10,metrics-generated,precision@1,0.38
dense,trial_10,metrics-generated,mrr@1,0.38
dense,trial_10,metrics-generated,recall@2,0.46
dense,trial_10,metrics-generated,precision@2,0.31
dense,trial_10,metrics-generated,mrr@2,0.48
dense,trial_10,metrics-generated,recall@3,0.61
dense,trial_10,metrics-generated,precision@3,0.28
dense,trial_10,metrics-generated,mrr@3,0.5267
dense,trial_10,metrics-generated,query_embed_time_ms,5.3127
dense,trial_10,metrics-generated,search_time_ms,0.1958
dense,trial_10,metrics-generated,retrieval_time_ms,5.5085
dense,trial_10,metrics-generated,search_to_first_token_ms,658.8186
dense,trial_10,metrics-generated,prompt_prep_time_ms,0.817
dense,trial_10,metrics-generated,full_ttft_ms,664.3271
dense,trial_10,metrics-generated,full_gen_time_ms,1904.3863
dense,trial_10,domain-relevant,recall@1,0.27
dense,trial_10,domain-relevant,precision@1,0.28
dense,trial_10,domain-relevant,mrr@1,0.28
dense,trial_10,domain-relevant,recall@2,0.4
dense,trial_10,domain-relevant,precision@2,0.21
dense,trial_10,domain-relevant,mrr@2,0.34
dense,trial_10,domain-relevant,recall@3,0.43
dense,trial_10,domain-relevant,precision@3,0.1533
dense,trial_10,domain-relevant,mrr@3,0.3533
dense,trial_10,domain-relevant,query_embed_time_ms,4.4505
dense,trial_10,domain-relevant,search_time_ms,0.0327
dense,trial_10,domain-relevant,retrieval_time_ms,4.4832
dense,trial_10,domain-relevant,search_to_first_token_ms,516.9487
dense,trial_10,domain-relevant,prompt_prep_time_ms,0.6842
dense,trial_10,domain-relevant,full_ttft_ms,521.4319
dense,trial_10,domain-relevant,full_gen_time_ms,2436.0434
dense,trial_10,novel-generated,recall@1,0.34
dense,trial_10,novel-generated,precision@1,0.34
dense,trial_10,novel-generated,mrr@1,0.34
dense,trial_10,novel-generated,recall@2,0.54
dense,trial_10,novel-generated,precision@2,0.27
dense,trial_10,novel-generated,mrr@2,0.44
dense,trial_10,novel-generated,recall@3,0.58
dense,trial_10,novel-generated,precision@3,0.2
dense,trial_10,novel-generated,mrr@3,0.46
dense,trial_10,novel-generated,query_embed_time_ms,4.0289
dense,trial_10,novel-generated,search_time_ms,0.0392
dense,trial_10,novel-generated,retrieval_time_ms,4.0681
dense,trial_10,novel-generated,search_to_first_token_ms,574.7746
dense,trial_10,novel-generated,prompt_prep_time_ms,0.7033
dense,trial_10,novel-generated,full_ttft_ms,578.8427
dense,trial_10,novel-generated,full_gen_time_ms,2204.437
